"site_code";"district";"province";"site";"site_status"
"000A01";"Harare Urban";"Harare";"AVONDALE CLINIC";""
"000A02";"Harare Urban";"Harare";"ARCADIA P.C.C.";""
"000A05";"Harare Urban";"Harare";"BELVEDERE F.H.C.";""
"000A06";"Harare Urban";"Harare";"BORROWDALE F.H.C.";""
"000A07";"Harare Urban";"Harare";"BORROWDALE P.C.C.";""
"000A08";"Harare Urban";"Harare";"BRAESIDE F.H.C.";""
"000A09";"Harare Urban";"Harare";"BUDIRIRO POLYCLINIC";""
"000A0C";"Harare Urban";"Harare";"BEATRICE RD.INFECTIO";""
"000A10";"Harare Urban";"Harare";"EASTLEA F.H.C.";""
"000A12";"Harare Urban";"Harare";"GLEN NORAH POLYCLIN.";""
"000A13";"Harare Urban";"Harare";"GLEN VIEW POLYCLINIC";""
"000A14";"Harare Urban";"Harare";"GLEN VIEW SATELLITE";""
"000A15";"Harare Urban";"Harare";"GREENDALE F.H.C.";""
"000A16";"Harare Urban";"Harare";"HATCLIFFE F.H.C.";""
"000A17";"Harare Urban";"Harare";"HATCLIFFE P.C.C.";""
"000A18";"Harare Urban";"Harare";"HIGHFIELD POLYCLINIC";""
"000A19";"Harare Urban";"Harare";"KAMBUZUMA POLYCLINIC";""
"000A20";"Harare Urban";"Harare";"KUWADZANA POLYCLINIC";""
"000A21";"Harare Urban";"Harare";"MABELREIGN SATELLITE";""
"000A23";"Harare Urban";"Harare";"MABVUKU P.C.C.";""
"000A24";"Harare Urban";"Harare";"MARONDERA POLYCLINIC";""
"000A25";"Harare Urban";"Harare";"MATAPI CLINIC";""
"000A26";"Harare Urban";"Harare";"MBARE HOSTELS CLINIC";""
"000A27";"Harare Urban";"Harare";"MBARE POLYCLINIC";""
"000A28";"Harare Urban";"Harare";"MT.PLEASANT P.C.C.";""
"000A29";"Harare Urban";"Harare";"MUFAKOSE POLYCLINIC";""
"000A30";"Harare Urban";"Harare";"PARIRENYATWA P.C.C.";""
"000A31";"Harare Urban";"Harare";"QUEEN ELISABETH FHC.";""
"000A32";"Harare Urban";"Harare";"RUGARE CLINIC";""
"000A33";"Harare Urban";"Harare";"RUJEKO CLINIC";""
"000A34";"Harare Urban";"Harare";"RUTSANANA CLINIC";""
"000A35";"Harare Urban";"Harare";"SOUTHERTON P.C.C.";""
"000A36";"Harare Urban";"Harare";"SUNNINGDALE F.H.C.";""
"000A37";"Harare Urban";"Harare";"SUNNINGDALE P.C.C.";""
"000A38";"Harare Urban";"Harare";"TAFARA CLINIC";""
"000A39";"Harare Urban";"Harare";"WARREN PARK POLYCLI.";""
"000A40";"Harare Urban";"Harare";"WATERFALLS F.H.C.";""
"000A41";"Harare Urban";"Harare";"WATERFALLS P.C.C.";""
"000A44";"Harare Urban";"Harare";"HATFIELD PCC";""
"000A45";"Harare Urban";"Harare";"MARLBOROUGH SATELITE CLINIC";""
"000A46";"Harare Urban";"Harare";"HIGHLANDS FHC";""
"000A47";"Harare Urban";"Harare";"MABVUKU P.C.C.";""
"000B01";"Chitungwiza Urban";"Harare";"SEKE SOUTH CLINIC";""
"000B02";"Chitungwiza Urban";"Harare";"SEKE NORTH CLINIC";""
"000B03";"Chitungwiza Urban";"Harare";"ST.MARYS CLINIC";""
"000B04";"Chitungwiza Urban";"Harare";"ZENGEZA CLINIC";""
"000C0C";"Chitungwiza Urban";"Harare";"CHITUNGWIZA CENTRAL HOSPITAL";""
"000D0D";"Harare Urban";"Harare";"HARARE CENTRAL HOSPITAL";""
"000E0A";"Harare Urban";"Harare";"PARIRENYATWA MBUYA NEHANDA MATERNITY HOSP";""
"000E0E";"Harare Urban";"Harare";"PARIRENYATWA CENTRAL HOSPITAL";""
"01";"Mutare";"Manicaland";"Hobhouse";"Urban Clinic"
"010101";"Buhera";"Manicaland";"BERE/NYAZVIVI RHC";"rural"
"010102";"Buhera";"Manicaland";"BETERA R.H.C.";"clinic"
"010103";"Buhera";"Manicaland";"MADZIMBASHURO R.H.C.";"clinic"
"010104";"Buhera";"Manicaland";"MOMBEYARARA R.H.C.";"clinic"
"010105";"Buhera";"Manicaland";"MURWIRA R.H.C.";"clinic"
"010106";"Buhera";"Manicaland";"ZANGAMA R.H.C.";"clinic"
"01010A";"Buhera";"Manicaland";"BUHERA HOSPITAL";"hospital"
"01010B";"Buhera";"Manicaland";"BIRCHENOUGH BRIDGE H";"hospital"
"01010C";"Buhera";"Manicaland";"MURAMBINDA HOSPITAL";"hospital"
"01010D";"Buhera";"Manicaland";"NYASHANU HOSPITAL";"hospital"
"01010E";"Buhera";"Manicaland";"VIRIRI HOSPITAL";""
"010116";"Buhera";"Manicaland";"MUDAWOSE";"clinic"
"010117";"Buhera";"Manicaland";"CHIMBUDZI";"clinic"
"010118";"Buhera";"Manicaland";"GARAMWERA";"clinic"
"010119";"Buhera";"Manicaland";"MUNYANYI";"clinic"
"010124";"Buhera";"Manicaland";"MUDANDA";"clinic"
"010125";"Buhera";"Manicaland";"BANGURE CLINIC";"clinic"
"010126";"Buhera";"Manicaland";"CHABATA CLINIC";"clinic"
"010127";"Buhera";"Manicaland";"CHAPANDUKA CLINIC";"clinic"
"010128";"Buhera";"Manicaland";"CHAPWANYA CLINIC";"clinic"
"010129";"Buhera";"Manicaland";"CHIROZVA CLINIC";"clinic"
"010130";"Buhera";"Manicaland";"CHIWENGA CLINIC";"clinic"
"010131";"Buhera";"Manicaland";"CHIWESE CLINIC";"clinic"
"010132";"Buhera";"Manicaland";"GUNURA CLINIC";"clinic"
"010133";"Buhera";"Manicaland";"GOMBE CLINIC";"clinic"
"010134";"Buhera";"Manicaland";"MUTEPFE CLINIC";"clinic"
"010135";"Buhera";"Manicaland";"MUTIUSINAZITA CLINIC";"clinic"
"010136";"Buhera";"Manicaland";"MUZOKOMBA CLINIC";"clinic"
"010137";"Buhera";"Manicaland";"NERUTANGA CLINIC";"clinic"
"010138";"Buhera";"Manicaland";"RAMBANEMBASI CLINIC";"clinic"
"010139";"Buhera";"Manicaland";"MUMANYI RHC";"clinic"
"010201";"Chimanimani";"Manicaland";"BUMBA R.H.C.";"RHC"
"010202";"Chimanimani";"Manicaland";"CHANGAZI R.H.C.";"RHC"
"010203";"Chimanimani";"Manicaland";"CHAYAMITI R.H.C.";"RHC"
"010204";"Chimanimani";"Manicaland";"CHIKUKWA R.H.C.";"RHC"
"010205";"Chimanimani";"Manicaland";"NYAHODE CLINIC";"RHC"
"010208";"Chimanimani";"Manicaland";"MUCHADZIYA R.H.C.";"RHC"
"01020A";"Chimanimani";"Manicaland";"BIRIVIRI HOSPITAL";"RURAL HEALTH HOSPITAL"
"01020B";"Chimanimani";"Manicaland";"NYANYADZI HOSPITAL";"RURAL HEALTH HOSPITAL"
"01020C";"Chimanimani";"Manicaland";"MUTAMBARA HOSPITAL";"RURAL HEALTH HOSPITAL"
"01020D";"Chimanimani";"Manicaland";"RUSITU HOSPITAL";"DISTRICT HOSPITAL"
"01020E";"Chimanimani";"Manicaland";"CHIMANIMANI HOSPITAL";"RURAL HEALTH HOSPITAL"
"010226";"Chimanimani";"Manicaland";"CHAKOHWA CLINIC";"URBAN HOSPITAL"
"010227";"Chimanimani";"Manicaland";"CHIKWAKWA CLINIC";"RHC"
"010229";"Chimanimani";"Manicaland";"GUDYANGA CLINIC";"RHC"
"010230";"Chimanimani";"Manicaland";"MUTSVANGWA CLINIC";"RHC"
"010231";"Chimanimani";"Manicaland";"NGORIMA CLINIC";"RHC"
"010232";"Chimanimani";"Manicaland";"SHINJA CLINIC";"RHC"
"010261";"Chimanimani";"Manicaland";"CHARTER CLINIC";"FARMING CLINIC"
"010262";"Chimanimani";"Manicaland";"CHISENGU CLINIC";"FARMING CLINIC"
"010263";"Chimanimani";"Manicaland";"GWENDINGWE CLINIC";"FARMING CLINIC"
"010264";"Chimanimani";"Manicaland";"ROSCOMMON CLINIC";"FARMING CLINIC"
"010265";"Chimanimani";"Manicaland";"TARKA CLINIC";"FARMING CLINIC"
"010266";"Chimanimani";"Manicaland";"TILBURY CLINIC";"FARMING CLINIC"
"010303";"Chipinge";"Manicaland";"CHINYAMUKWAKWA R.H.C";"RHC"
"010306";"Chipinge";"Manicaland";"KOPERA R.H.C.";"RHC"
"010307";"Chipinge";"Manicaland";"MABEE R.H.C.";"RHC"
"010309";"Chipinge";"Manicaland";"MAHENYE R.H.C.";"RHC"
"01030A";"Chipinge";"Manicaland";"CHIPINGE HOSPITAL";"DISTRICT HOSPITAL GVT"
"01030B";"Chipinge";"Manicaland";"CHIKORE HOSPITAL";""
"01030C";"Chipinge";"Manicaland";"MT.SELINDA HOSPITAL";""
"01030D";"Chipinge";"Manicaland";"ST PETERS MISSION HOSPITAL";""
"010311";"Chipinge";"Manicaland";"MUSIRISWE R.H.C.";""
"010312";"Chipinge";"Manicaland";"PAIDAMOYO R.H.C.";""
"010314";"Chipinge";"Manicaland";"TANGANDA R.H.C.";""
"010315";"Chipinge";"Manicaland";"TONGOGARA R.H.C.";""
"010316";"Chipinge";"Manicaland";"TUZUKA R.H.C.";""
"010318";"Chipinge";"Manicaland";"CHIPINGE PRISONS CLINIC";"PRISON GVT"
"010325";"Chipinge";"Manicaland";"CHIBUWE CLINIC";""
"010326";"Chipinge";"Manicaland";"GUMIRA CLINIC";""
"010327";"Chipinge";"Manicaland";"HWAKWATA CLINIC";""
"010328";"Chipinge";"Manicaland";"KONDO CLINIC";""
"010329";"Chipinge";"Manicaland";"MADHUKO CLINIC";""
"010330";"Chipinge";"Manicaland";"MANZVIRE CLINIC";""
"010331";"Chipinge";"Manicaland";"MUSANI CLINIC";""
"010332";"Chipinge";"Manicaland";"MUTANDAHWE CLINIC";""
"010333";"Chipinge";"Manicaland";"MUTEMA CLINIC";""
"010334";"Chipinge";"Manicaland";"NGAONE CLINIC";""
"010335";"Chipinge";"Manicaland";"RIMBI CLINIC";""
"010336";"Chipinge";"Manicaland";"VENEKA CLINIC";""
"010337";"Chipinge";"Manicaland";"ZAMUCHIA CLINIC";""
"010338";"Chipinge";"Manicaland";"CHICHICHI R.H.C.";""
"010339";"Chipinge";"Manicaland";"CHISUMA R.H.C.";""
"010340";"Chipinge";"Manicaland";"MAPARADZA CLINIC";""
"010345";"Chipinge";"Manicaland";"CHIPANGAYI CLINIC";""
"010346";"Chipinge";"Manicaland";"CHIRIGA CLINIC";""
"010347";"Chipinge";"Manicaland";"GAZA CLINIC";""
"010348";"Chipinge";"Manicaland";"JUNCTION GATE CLINIC";""
"010349";"Chipinge";"Manicaland";"CHIPINGE TOWN CLINIC";""
"010350";"Chipinge";"Manicaland";"TAMANDAYI CLINIC";""
"010351";"Chipinge";"Manicaland";"NYUNGA CLINIC";""
"010365";"Chipinge";"Manicaland";"MIDSAVE CLINIC";""
"010366";"Chipinge";"Manicaland";"NEW YEARS GIFT CLI.";""
"010367";"Chipinge";"Manicaland";"SILVER STREAM CLINIC";""
"010370";"Chipinge";"Manicaland";"TAKWIRIRA CLINIC";""
"010371";"Chipinge";"Manicaland";"RATELSHOEK CLINIC";""
"010372";"Chipinge";"Manicaland";"ZONA CLINIC";""
"010390";"Chipinge";"Manicaland";"GWENZI CLINIC";""
"010401";"Makoni";"Manicaland";"BAMBA R.H.C.";"GVT RHC"
"010402";"Makoni";"Manicaland";"CHIKOBVORE R.H.C.";"GVT RHC"
"010403";"Makoni";"Manicaland";"CHINHENGA R.H.C.";"GVT RHC"
"010404";"Makoni";"Manicaland";"BINGAGURU RHC (CHINYIKA I)";"GVT RHC"
"010405";"Makoni";"Manicaland";"CHINYIKA II R.H.C.";"GVT RHC"
"010406";"Makoni";"Manicaland";"CHINYUDZE R.H.C.";"GVT RHC"
"010407";"Makoni";"Manicaland";"GROOBI SPRING RHC";"GVT RHC"
"010409";"Makoni";"Manicaland";"GOWAKOWA R.H.C.";"GVT RHC"
"01040A";"Makoni";"Manicaland";"RUSAPE HOSPITAL";"GENERAL GVT HOSPITAL"
"01040B";"Makoni";"Manicaland";"WEYA HOSPITAL";"RURAL HOSPITAL GVT"
"01040C";"Makoni";"Manicaland";"MAKONI HOSPITAL";"RURAL HOSPITAL GVT"
"01040D";"Makoni";"Manicaland";"NEDEWEDZO HOSPITAL";"RURAL HOSPITAL GVT"
"01040E";"Makoni";"Manicaland";"ST.MICHEALS TANDA H";"MISSION RURAL HOSPITAL"
"01040F";"Makoni";"Manicaland";"ST.THERESES HOSPITA";"MISSION RURAL HOSPITAL"
"010410";"Makoni";"Manicaland";"KATSENGA R.H.C.";"GVT RHC"
"010411";"Makoni";"Manicaland";"MAPARURA R.H.C";"GVT RHC"
"010412";"Makoni";"Manicaland";"MASVOSVA R.H.C.";"GVT RHC"
"010413";"Makoni";"Manicaland";"MATOTWE R.H.C.";"GVT RHC"
"010414";"Makoni";"Manicaland";"MAYO I R.H.C.";"GVT RHC"
"010415";"Makoni";"Manicaland";"MAYO II R.H.C.";"GVT RHC"
"010418";"Makoni";"Manicaland";"NYAHOWE R.H.C.";"GVT RHC"
"010419";"Makoni";"Manicaland";"NYAHUKWE R.H.C";"GVT RHC"
"010420";"Makoni";"Manicaland";"NYAMUKAMANI R.H.C.";"GVT RHC"
"010425";"Makoni";"Manicaland";"CHIDUKU CLINIC";"COUNCIL RHC"
"010426";"Makoni";"Manicaland";"CHIKORE CLINIC";"COUNCIL RHC"
"010427";"Makoni";"Manicaland";"NYAZURA CLINIC";"COUNCIL RHC"
"010428";"Makoni";"Manicaland";"DOWA CLINIC";"COUNCIL RHC"
"010429";"Makoni";"Manicaland";"DUMBABWE CLINIC";"COUNCIL RHC"
"010430";"Makoni";"Manicaland";"MATSIKA CLINIC";"COUNCIL RHC"
"010431";"Makoni";"Manicaland";"NYAMIDZI CLINIC";"COUNCIL RHC"
"010432";"Makoni";"Manicaland";"MUKAMBA CLINIC";"COUNCIL RHC"
"010433";"Makoni";"Manicaland";"RUKWEZA CLINIC";"COUNCIL RHC"
"010434";"Makoni";"Manicaland";"TANDI CLINIC";"COUNCIL RHC"
"010435";"Makoni";"Manicaland";"TORIRO CLINIC";"COUNCIL RHC"
"010436";"Makoni";"Manicaland";"TSANZAGURU CLINIC";"COUNCIL RHC"
"010437";"Makoni";"Manicaland";"ERA MINE CLINIC";"COUNCIL RHC"
"010438";"Makoni";"Manicaland";"MAURICE NYAGUMBO";"COUNCIL RHC"
"010439";"Makoni";"Manicaland";"MUFUSIRE";"COUNCIL RHC"
"010440";"Makoni";"Manicaland";"HEADLANDS CLINIC";"COUNCIL RHC"
"010441";"Makoni";"Manicaland";"MUBVURUNGWA CLINIC";"COUNCIL RHC"
"010442";"Makoni";"Manicaland";"VENGERE CLINIC";"COUNCIL RHC"
"010443";"Makoni";"Manicaland";"RINGANAYI";"COUNCIL RHC"
"010444";"Makoni";"Manicaland";"MAVHUDZI CLINIC";"SCHOOL DISPENSARY"
"010445";"Makoni";"Manicaland";"CHINYADZA CLINIC";"MISSION CLINIC"
"010446";"Makoni";"Manicaland";"NYAMUSOSA CLINIC";"COUNCIL RHC"
"010447";"Makoni";"Manicaland";"SANGANO";"COUNCIL RHC"
"010475";"Makoni";"Manicaland";"ZRP RUSAPE";"GVT RHC"
"010482";"Makoni";"Manicaland";"MUKUWAPASI CLINIC";"GVT RHC"
"010491";"Makoni";"Manicaland";"NYAZURA MISSION CL.";"MISSION RURAL HOSPITAL"
"010492";"Makoni";"Manicaland";"ARNOLDINE MISSION CL";"MISSION CLINIC"
"010501";"Mutare";"Manicaland";"BWIZI R.H.C.";"Rural Clinic"
"010502";"Mutare";"Manicaland";"CHIADZWA R.H.C.";"Rural Clinic"
"010503";"Mutare";"Manicaland";"MAVHIZA";"Rural Clinic"
"010504";"Mutare";"Manicaland";"GUTAURARE R.H.C.";"Rural Clinic"
"010505";"Mutare";"Manicaland";"GWINDINGWI R.H.C.";"Rural Clinic"
"010506";"Mutare";"Manicaland";"MUROMO R.H.C.";"Rural Clinic"
"010507";"Mutare";"Manicaland";"ST WERBURGHS";"Rural Clinic"
"010508";"Mutare";"Manicaland";"CHIWERE RHC";"Rural Clinic"
"010509";"Mutare";"Manicaland";"MT ZUMA";"Rural Clinic"
"01050A";"Mutare";"Manicaland";"MUTARE PROV.HOSPITAL";"Provincial"
"01050C";"Mutare";"Manicaland";"SAKUBVA HOSPITAL";"District"
"01050E";"Mutare";"Manicaland";"MARANGE HOSPITAL";"Rural Clinic"
"01050F";"Mutare";"Manicaland";"ST.ANDREWS HOSPITAL";"Mission"
"01050G";"Mutare";"Manicaland";"St Josephs Mission";"Urban-Mission"
"010510";"Mutare";"Manicaland";"MUNYARARI CLINIC";"Rural Clinic"
"010511";"Mutare";"Manicaland";"NYAGUNDI R.H.C.";"Rural Clinic"
"010512";"Mutare";"Manicaland";"NYAMAZURA R.H.C.";"Rural Clinic"
"010513";"Mutare";"Manicaland";"ZVIPIRIPIRI R.H.C.";"Rural Clinic"
"010515";"Mutare";"Manicaland";"VUMBA";"Farming"
"010516";"Mutare";"Manicaland";"Z.R.P";"Urban Clinic"
"010519";"Mutare";"Manicaland";"CHITORA CLINIC";"Rural Clinic"
"010520";"Mutare";"Manicaland";"MATANDA";"Rural Clinic"
"010521";"Mutare";"Manicaland";"LEEKUYL TAKUNDA";"Rural Clinic"
"010525";"Mutare";"Manicaland";"BAKORENHEMA CLINIC";"Rural Clinic"
"010526";"Mutare";"Manicaland";"BEZELY BRIDGE CLINIC";"Rural Clinic"
"010527";"Mutare";"Manicaland";"CHIPFATSURA CLINIC";"Rural Clinic"
"010529";"Mutare";"Manicaland";"CHITAKATIRA CLINIC";"Rural Clinic"
"010530";"Mutare";"Manicaland";"MAMBWERE CLINIC";"Rural Clinic"
"010531";"Mutare";"Manicaland";"MASASI CLINIC";"Rural Clinic"
"010532";"Mutare";"Manicaland";"MUTARE PRISON FARM CLINIC";"Peri-Urban Clinic"
"010533";"Mutare";"Manicaland";"MKWADA CLINIC";"Peri-Urban Clinic"
"010534";"Mutare";"Manicaland";"CHITAKA CLINIC";"Peri-Urban Clinic"
"010535";"Mutare";"Manicaland";"MUSHUNJE CLINIC";"Peri-Urban Clinic"
"010536";"Mutare";"Manicaland";"NZVENGA CLINIC";"Rural Clinic"
"010537";"Mutare";"Manicaland";"ROWA CLINIC";"Rural Clinic"
"010538";"Mutare";"Manicaland";"ODZI CLINIC";"Rural Clinic"
"010539";"Mutare";"Manicaland";"ZIMUNYA CLINIC";"Rural Clinic"
"010540";"Mutare";"Manicaland";"ZUMBARE CLINIC";"Rural Clinic"
"010541";"Mutare";"Manicaland";"DORA";"Rural Clinic"
"010543";"Mutare";"Manicaland";"CHISHINGWI";"Rural Clinic"
"010544";"Mutare";"Manicaland";"CHIPENDEREKE";"Rural Clinic"
"010545";"Mutare";"Manicaland";"BURMA VALLEY CLINIC";"Rural Clinic"
"010561";"Mutare";"Manicaland";"CITY HEALTH CLINIC";"Rural Clinic"
"010562";"Mutare";"Manicaland";"CHIKANGA CLINIC";"Urban Clinic"
"010563";"Mutare";"Manicaland";"DANGAMVURA CLINIC";"Urban Clinic"
"010564";"Mutare";"Manicaland";"Sakubva Outpatients";"Urban Clinic"
"010565";"Mutare";"Manicaland";"FLORIDA CLINIC";"Urban Clinic"
"010566";"Mutare";"Manicaland";"FERN VALLEY CLINIC";"Urban Clinic"
"010591";"Mutare";"Manicaland";"CHIKWARIRO CLINIC";"Rural Clinic"
"010601";"Mutasa";"Manicaland";"CHAVHANGA R.H.C.";"RHC"
"010602";"Mutasa";"Manicaland";"RUPINDA R.H.C.";"RHC"
"010603";"Mutasa";"Manicaland";"SHERUKURU R.H.C.";"RHC"
"010604";"Mutasa";"Manicaland";"TSONZO R.H.C.";"RHC"
"01060A";"Mutasa";"Manicaland";"TSONZO HOSPITAL";"RURAL HOSPITAL"
"01060B";"Mutasa";"Manicaland";"BONDA HOSPITAL";"MISSION HOSPITAL"
"01060C";"Mutasa";"Manicaland";"OLD MUTARE HOSPITAL";"MISSION HOSPITAL"
"01060D";"Mutasa";"Manicaland";"ST.BARBARA HOSPITAL";"MISSION HOSPITAL"
"01060E";"Mutasa";"Manicaland";"TRIASHILL HOSPITAL";"MISSION HOSPITAL"
"01060F";"Mutasa";"Manicaland";"HAUNA DISTRICT HOSPITAL";"DISTRICT HOSPITAL"
"010625";"Mutasa";"Manicaland";"CHITOMBO CLINIC";"RHC"
"010626";"Mutasa";"Manicaland";"GUTA CLINIC";"RHC"
"010627";"Mutasa";"Manicaland";"HAUNA CLINIC";"RHC"
"010628";"Mutasa";"Manicaland";"MANDEYA CLINIC";"RHC"
"010629";"Mutasa";"Manicaland";"MPOTEDZI CLINIC";"RHC"
"010630";"Mutasa";"Manicaland";"MT.JENYA CLINIC";"MISSION CLINIC"
"010631";"Mutasa";"Manicaland";"MUTASA CLINIC";"RHC"
"010632";"Mutasa";"Manicaland";"MWOYOWESHUMBA CLINIC";"RHC"
"010633";"Mutasa";"Manicaland";"NGARURA CLINIC";"RHC"
"010634";"Mutasa";"Manicaland";"RUDA CLINIC";""
"010635";"Mutasa";"Manicaland";"RUMBIZI/ZINDI RHC";"RHC"
"010636";"Mutasa";"Manicaland";"SACHISUKO CLINIC";"RHC"
"010637";"Mutasa";"Manicaland";"SADZIWA CLINIC";"RHC"
"010638";"Mutasa";"Manicaland";"SAGAMBE CLINIC";"RHC"
"010639";"Mutasa";"Manicaland";"SAHUMANI CLINIC";"RHC"
"010640";"Mutasa";"Manicaland";"SAKUPWANYA CLINIC";"RHC"
"010641";"Mutasa";"Manicaland";"SAMANGA CLINIC";"RHC"
"010642";"Mutasa";"Manicaland";"SAMARINGA CLINIC";"RHC"
"010643";"Mutasa";"Manicaland";"ZONGORO CLINIC";"RHC"
"010645";"Mutasa";"Manicaland";"CHINAMASA CLINIC";"RHC"
"010662";"Mutasa";"Manicaland";"CHINGAMWE CLINIC";"RHC"
"010665";"Mutasa";"Manicaland";"HAPARARI";"RHC"
"010667";"Mutasa";"Manicaland";"KATIYO TEA ESTATE";"PRIVATE CLINIC"
"010668";"Mutasa";"Manicaland";"SELBOURNE/NYANGA PINE CLINIC";"PRIVATE CLINIC"
"010670";"Mutasa";"Manicaland";"IMBEZA CLINIC";"PRIVATE CLINIC"
"010671";"Mutasa";"Manicaland";"REDWING CLINIC";"MINE CLINIC"
"010672";"Mutasa";"Manicaland";"SHEBA CLINIC";"PRIVATE CLINIC"
"010674";"Mutasa";"Manicaland";"EASTERN HIGHLANDS PL CLINIC";"PRIVATE CLINIC"
"010691";"Mutasa";"Manicaland";"GATSI CLINIC";""
"010692";"Mutasa";"Manicaland";"HONDE MISSION CLINIC";""
"010693";"Mutasa";"Manicaland";"ST.AUGUSTINES";""
"010694";"Mutasa";"Manicaland";"ST.PETERS MANDEYA";""
"010696";"Mutasa";"Manicaland";"MAPARA";""
"010697";"Mutasa";"Manicaland";"JOMBE";""
"010698";"Mutasa";"Manicaland";"PREMIER CENTRAL CLINIC";""
"010702";"Nyanga";"Manicaland";"DOMBO R.H.C.";"RHC GVT"
"010703";"Nyanga";"Manicaland";"FOMBE R.H.C.";"RHC GVT"
"010704";"Nyanga";"Manicaland";"GAIREZI R.H.C.";"RHC GVT"
"010705";"Nyanga";"Manicaland";"GOTEKOTE R.H.C.";"RHC GVT"
"010706";"Nyanga";"Manicaland";"NYARUMVURWE R.H.C.";"RHC GVT"
"010707";"Nyanga";"Manicaland";"MATIZE R.H.C.";"RHC GVT"
"010709";"Nyanga";"Manicaland";"NYAMOMBE CAMP R.H.C.";"RHC GVT"
"01070A";"Nyanga";"Manicaland";"NYANGA DISTRICT HOSP";"DISTRICT HOSPITAL"
"01070B";"Nyanga";"Manicaland";"AVILLA HOSPITAL";"RURAL HOSPITAL"
"01070C";"Nyanga";"Manicaland";"ELIM HOSPITAL";"RURAL HOSPITAL"
"01070D";"Nyanga";"Manicaland";"MT.MELLERY HOSPITAL";"RURAL HOSPITAL"
"01070E";"Nyanga";"Manicaland";"REGINA COELI HOSPITA";"RURAL HOSPITAL"
"010710";"Nyanga";"Manicaland";"NYAUTARE R.H.C.";"RHC"
"010711";"Nyanga";"Manicaland";"RUCHERA R.H.C.";"RHC"
"010725";"Nyanga";"Manicaland";"CHATINDO CLINIC";"RHC"
"010726";"Nyanga";"Manicaland";"CHIWARIRA CLINIC";"RHC"
"010727";"Nyanga";"Manicaland";"NYAMAROPA CLINIC";"RHC"
"010729";"Nyanga";"Manicaland";"KAMBUDZI CLINIC";"CLINIC"
"010730";"Nyanga";"Manicaland";"NYATATE CLINIC";"CLINIC"
"010731";"Nyanga";"Manicaland";"SABVURE CLINIC";"CLINIC"
"010732";"Nyanga";"Manicaland";"TOMBO CLINIC";"CLINIC"
"010761";"Nyanga";"Manicaland";"NYANGAU CLINIC";""
"010762";"Nyanga";"Manicaland";"NYAFARU CLINIC";"CLINIC"
"010791";"Nyanga";"Manicaland";"NYANGOMBE CLINIC";"CLINIC"
"010792";"Nyanga";"Manicaland";"CLAREMONT ESTATE CLINIC";"PRIVATE"
"010794";"Nyanga";"Manicaland";"NYADOWA CLINIC";""
"010795";"Nyanga";"Manicaland";"SPRING VALLEY";"PRIVATE"
"02";"Centenary";"Mash Central";"Always Clinic";"RHC"
"020101";"Bindura";"Mash Central";"CHIVESO R.H.C.";"RHC"
"020102";"Bindura";"Mash Central";"MUONWE R.H.C.";"RHC"
"02010A";"Bindura";"Mash Central";"BINDURA PROVINCIAL";"Provincial"
"020125";"Bindura";"Mash Central";"KATANYA RHC";"RHC"
"020126";"Bindura";"Mash Central";"NYAVA CLINIC";"RHC"
"020145";"Bindura";"Mash Central";"CHIRISERI CLINIC";"RHC"
"020146";"Bindura";"Mash Central";"MANHENGA CLINIC";"RHC"
"020161";"Bindura";"Mash Central";"RUSUNUNGUKO CLINIC";"RHC"
"020162";"Bindura";"Mash Central";"CHIPADZE CLINIC";"Clinic"
"020163";"Bindura";"Mash Central";"CHIWARIDZO CLINIC";"PolyClinic"
"020176";"Bindura";"Mash Central";"TROJAN NICKEL CLINIC";"Mine Clinic"
"020177";"Bindura";"Mash Central";"FARM HEALTH SCHEME";"Clinic"
"020178";"Bindura";"Mash Central";"FOOTHILLS";"RHC"
"020180";"Bindura";"Mash Central";"MUPANDIRA R H C";"RHC"
"020182";"Bindura";"Mash Central";"RUTOPE CLINIC";"RHC"
"020183";"Bindura";"Mash Central";"MANGA R H C";"RHC"
"020201";"Centenary";"Mash Central";"CHAWARURA R.H.C.";"RHC"
"020202";"Centenary";"Mash Central";"HOYA R.H.C.";"RHC"
"020203";"Centenary";"Mash Central";"MACHAYA R.H.C.";"RHC"
"020204";"Centenary";"Mash Central";"MUZARABANI R.H.C.";"RHC"
"020207";"Centenary";"Mash Central";"CHIDIKAMWEDZI CLINIC";"RHC"
"020208";"Centenary";"Mash Central";"CHINYANI CLINIC";"RHC"
"02020A";"Centenary";"Mash Central";"ST.ALBERTS";"District"
"020225";"Centenary";"Mash Central";"HWATA CLINIC";"RHC"
"020226";"Centenary";"Mash Central";"DAMBAKURIMA CLINIC";"RHC"
"020245";"Centenary";"Mash Central";"DAVID NELSON CLINIC";"RHC"
"020281";"Centenary";"Mash Central";"FARM HEALTH SCHEME";""
"020285";"Centenary";"Mash Central";"CHADEREKA R.H.C";"RHC"
"020301";"Guruve";"Mash Central";"BVOCHORA R.H.C.";"RHC"
"020302";"Guruve";"Mash Central";"MASOKA R.H.C";""
"020303";"Guruve";"Mash Central";"MASHUMBI POOLS R.H.C";""
"020304";"Guruve";"Mash Central";"MASOMO R.H.C";""
"020305";"Guruve";"Mash Central";"NEGOMO R.H.C.";"RHC"
"020306";"Guruve";"Mash Central";"NYAMHONDORO R.H.C.";"RHC"
"020307";"Guruve";"Mash Central";"SHINJE R.H.C.";"RHC"
"02030A";"Guruve";"Mash Central";"MVIRWI";""
"02030B";"Guruve";"Mash Central";"GURUVE";"DISTRICT HOSPITAL"
"02030C";"Guruve";"Mash Central";"CHITSUNGO";""
"020325";"Guruve";"Mash Central";"ANGWA R.H.C.";""
"020326";"Guruve";"Mash Central";"BAKASA R.H.C.";"RHC"
"020327";"Guruve";"Mash Central";"BEPURA R.H.C";"RHC"
"020328";"Guruve";"Mash Central";"CHAPOTO R.H.C.";""
"020329";"Guruve";"Mash Central";"CHIPURIRO R.H.C.";"RHC"
"020330";"Guruve";"Mash Central";"GONONO R.H.C.";""
"020331";"Guruve";"Mash Central";"KACHUTA R.H.C.";"RHC"
"020332";"Guruve";"Mash Central";"MAHUWE R.H.C.";""
"020333";"Guruve";"Mash Central";"MATSVITSI R.H.C.";"RHC"
"020334";"Guruve";"Mash Central";"GOTA R.H.C";"RHC"
"020335";"Guruve";"Mash Central";"MUSENGEZI R.H.C";""
"020338";"Guruve";"Mash Central";"CHIKAFA R.H.C";""
"020339";"Guruve";"Mash Central";"NYAKAPUPU R.H.C";"RHC"
"020340";"Guruve";"Mash Central";"CHIRUNYA R.H.C";""
"020341";"Guruve";"Mash Central";"CHIDODO R.H.C";""
"020342";"Guruve";"Mash Central";"NYAMBUDZI R.H.C";""
"020343";"Guruve";"Mash Central";"RUYAMURO R.H.C";"RHC"
"020344";"Guruve";"Mash Central";"BIRKDALE RHC";"RHC"
"020345";"Guruve";"Mash Central";"MUGARAKAMWE RHC";"RHC"
"020346";"Guruve";"Mash Central";"KEMUTAMBA RHC";"RHC"
"020347";"Guruve";"Mash Central";"CAMSASA RHC";"RHC"
"020348";"Guruve";"Mash Central";"BRANDON RHC";"RHC"
"020401";"Mazowe";"Mash Central";"CHINEHASHA R.H.C.";"RHC"
"020402";"Mazowe";"Mash Central";"NYAKUDYA R.H.C.";"RHC"
"020403";"Mazowe";"Mash Central";"SHUTU R.H.C.";"RHC"
"020404";"Mazowe";"Mash Central";"HATCLIFFE EXTENSION CLINIC";""
"020405";"Mazowe";"Mash Central";"MONTGOMERY CLINIC";"RHC"
"020406";"Mazowe";"Mash Central";"DONJE CLINIC";"RHC"
"020408";"Mazowe";"Mash Central";"ADURA CLINIC";"RHC"
"02040A";"Mazowe";"Mash Central";"CONCESSION";"DISTRICT"
"02040B";"Mazowe";"Mash Central";"ROSA";"RHC"
"02040C";"Mazowe";"Mash Central";"HOWARD";"MISSION"
"02040D";"Mazowe";"Mash Central";"MAZOWE CITRUS";"RHC"
"02040E";"Mazowe";"Mash Central";"MVURWI HOSPITAL";"GVT HOSPITAL"
"020410";"Mazowe";"Mash Central";"DAVAAR CLINIC";"RHC"
"020411";"Mazowe";"Mash Central";"VON ABO CLINIC";"RHC"
"020425";"Mazowe";"Mash Central";"BARE CLINIC";"RHC"
"020426";"Mazowe";"Mash Central";"GUNGUWE CLINIC";""
"020427";"Mazowe";"Mash Central";"JINGAMVURA CLINIC";"RHC"
"020428";"Mazowe";"Mash Central";"MAKOPE CLINIC";"RHC"
"020429";"Mazowe";"Mash Central";"MUKODZONGI CLINIC";"RHC"
"020430";"Mazowe";"Mash Central";"CHRISTON BANK CLINIC";"RHC"
"020431";"Mazowe";"Mash Central";"MVURWI FHC";""
"020432";"Mazowe";"Mash Central";"NZVIMBO CLINIC";"RHC"
"020445";"Mazowe";"Mash Central";"BELGOWNIE CLINIC";"RHC"
"020446";"Mazowe";"Mash Central";"HOME EDEN CLINIC";"RHC"
"020447";"Mazowe";"Mash Central";"TSUNGUBVI CLINIC";"RHC"
"020475";"Mazowe";"Mash Central";"HENDERSON CLINIC";"RHC"
"020476";"Mazowe";"Mash Central";"IRON DUKE CLINIC";"RHC"
"020477";"Mazowe";"Mash Central";"MAZOWE MINE CLINIC";"RHC"
"020478";"Mazowe";"Mash Central";"STORIES CLINIC";"RHC"
"020479";"Mazowe";"Mash Central";"MAZOWE PRISON CLINIC";"RHC"
"020481";"Mazowe";"Mash Central";"HATCLIFFE";""
"020482";"Mazowe";"Mash Central";"NEMC";"RHC"
"020484";"Mazowe";"Mash Central";"DAMBO CLINIC";"RHC"
"020485";"Mazowe";"Mash Central";"FORRESTER CLINIC";"RHC"
"020501";"Mt. Darwin";"Mash Central";"DOTITO R.H.C.";"RURAL HEALTH CENTRE"
"020502";"Mt. Darwin";"Mash Central";"KAMUTSENZERE R.H.C.";"RURAL HEALTH CENTRE"
"020503";"Mt. Darwin";"Mash Central";"MUKUMBURA R.H.C.";"RURAL HEALTH CENTRE"
"020504";"Mt. Darwin";"Mash Central";"NYAMAHOBOGO R.H.C.";"RURAL HEALTH CENTRE"
"020505";"Mt. Darwin";"Mash Central";"PFUNYANGOWU R.H.C.";"RURAL HEALTH CENTRE"
"020506";"Mt. Darwin";"Mash Central";"TSAKARE R.H.C.";"RURAL HEALTH CENTRE"
"020507";"Mt. Darwin";"Mash Central";"MUTUNGAGORE CLINIC";"RURAL HEALTH CENTRE"
"020508";"Mt. Darwin";"Mash Central";"MUTASA CLINIC";"RURAL HEALTH CENTRE"
"020509";"Mt. Darwin";"Mash Central";"CHIBURI CLINIC";"RURAL HEALTH CENTRE"
"02050A";"Mt. Darwin";"Mash Central";"MT.DARWIN";"DISTRICT HOSPITAL"
"02050B";"Mt. Darwin";"Mash Central";"KARANDA MISSION HOSPITAL";"MISSION HOSPITAL"
"020525";"Mt. Darwin";"Mash Central";"CHAHWANDA R.H.C.";"RURAL HEALTH CENTRE"
"020526";"Mt. Darwin";"Mash Central";"KAITANO R.H.C.";"RURAL HEALTH CENTRE"
"020527";"Mt. Darwin";"Mash Central";"NEMBIRE R.H.C.";"RURAL HEALTH CENTRE"
"020528";"Mt. Darwin";"Mash Central";"PACHANZA CLINIC";"RURAL HEALTH CENTRE"
"020529";"Mt. Darwin";"Mash Central";"BVEKE CLINIC";"RURAL HEALTH CENTRE"
"020532";"Mt. Darwin";"Mash Central";"MATOPE CLINIC";"RURAL HEALTH CENTRE"
"020533";"Mt. Darwin";"Mash Central";"BANDIMBA RHC";"RURAL HEALTH CENTRE"
"020601";"Rushinga";"Mash Central";"MUKOSA R.H.C.";"RHC"
"020602";"Rushinga";"Mash Central";"MUKONDE R.H.C.";"RHC"
"020603";"Rushinga";"Mash Central";"NHAWA R.H.C.";"RHC"
"020604";"Rushinga";"Mash Central";"RUSHINGA R.H.C.";"RHC"
"020605";"Rushinga";"Mash Central";"MAZOWE BRIDGE CAMP";"RHC"
"020606";"Rushinga";"Mash Central";"NYAMATIKITI CAMP CLINIC";"RHC"
"020607";"Rushinga";"Mash Central";"CHIMANDAU RHC";"RHC"
"02060A";"Rushinga";"Mash Central";"CHIMHANDA HOSPITAL";"DISTRICT HOSPITAL"
"02060B";"Rushinga";"Mash Central";"MARY MOUNT";"MISSION HOSPITAL"
"020625";"Rushinga";"Mash Central";"BUNGWE CLINIC";"MISSION HOSPITAL"
"020626";"Rushinga";"Mash Central";"RUSAMBO CLINIC";"MISSION HOSPITAL"
"020627";"Rushinga";"Mash Central";"CHIMHANDA CLINIC";"MISSION HOSPITAL"
"020701";"Shamva";"Mash Central";"NYAMARURO RHC";"RHC"
"020703";"Shamva";"Mash Central";"CHISHAPA CLINIC";"RHC"
"020704";"Shamva";"Mash Central";"GOORA R.H.C.";"RHC"
"020705";"Shamva";"Mash Central";"MUPFURUDZI R.H.C.";"RHC"
"02070A";"Shamva";"Mash Central";"SHAMVA DISTRICT HOSP";"District"
"02070B";"Shamva";"Mash Central";"MADZIWA RURAL HOSPITAL";"Rural Hospital"
"020712";"Shamva";"Mash Central";"WADZANAI CLINIC";"Poly Clinic"
"020725";"Shamva";"Mash Central";"CHAKONDA BUSHU";"RHC"
"020726";"Shamva";"Mash Central";"CHIDEMBO CLINIC";"RHC"
"020727";"Shamva";"Mash Central";"CHIHURI CLINIC";"RHC"
"020728";"Shamva";"Mash Central";"TAKAWIRA CLINIC";"RHC"
"020775";"Shamva";"Mash Central";"MADZIWA MINE CLINIC";"RHC"
"020776";"Shamva";"Mash Central";"SHAMWA GOLD MINE";"Mine Clinic"
"020777";"Shamva";"Mash Central";"NYAMAROPA CLINIC";"RHC"
"020801";"Mbire";"Mash Central";"MASOKA RHC";"RHC"
"020802";"Mbire";"Mash Central";"MASOMO RHC";"RHC"
"020803";"Mbire";"Mash Central";"MUSHUMBI RHC";"RHC"
"02080B";"Mbire";"Mash Central";"CHITSUNGO MISSION HOSPITAL";"MISSION HOSPITAL"
"020820";"Mbire";"Mash Central";"CHAPOTO RHC";"RHC"
"020821";"Mbire";"Mash Central";"ANGWA RHC";"RHC"
"020830";"Mbire";"Mash Central";"CHIKAFA RHC";"RHC"
"020831";"Mbire";"Mash Central";"GONONO RHC";"RHC"
"020832";"Mbire";"Mash Central";"MUSENGEZI RHC";"RHC"
"020833";"Mbire";"Mash Central";"MAHUWE RHC";"RHC"
"020834";"Mbire";"Mash Central";"CHIRUNYA RHC";"RHC"
"020835";"Mbire";"Mash Central";"NYAMBUDZI RHC";"RHC"
"020841";"Mbire";"Mash Central";"CHIDODO RHC";"RHC"
"030101";"Chikomba";"Mash East";"MUFUDZIWAKANAKA RHC.";"RHC"
"030102";"Chikomba";"Mash East";"MUREZI R.H.C.";"RHC"
"030103";"Chikomba";"Mash East";"NYAMHERE R.H.C.";"RHC"
"030104";"Chikomba";"Mash East";"ZVAMATOBWE R.H.C.";"RHC"
"030105";"Chikomba";"Mash East";"ZRP CHIVHU CLINIC";"CAMP CLINIC"
"030106";"Chikomba";"Mash East";"ZPS CHIVHU CLINIC";"RHC"
"030107";"Chikomba";"Mash East";"MUSUMHA RHC";"GENERAL HOSPITAL"
"03010A";"Chikomba";"Mash East";"CHIVHU HOSPITAL";"RHC"
"03010B";"Chikomba";"Mash East";"NHARIRA HOSPITAL";"RHC"
"03010C";"Chikomba";"Mash East";"RANGE HOSPITAL";"DISTRICT HOSPITAL"
"03010D";"Chikomba";"Mash East";"SADZA HOSPITAL";"MISSION HOSPITAL"
"03010E";"Chikomba";"Mash East";"GANDACHIBVUVA HOSPIT";"RHC"
"030125";"Chikomba";"Mash East";"BVUMBURA CLINIC";"RHC"
"030126";"Chikomba";"Mash East";"GOKOMERE CLINIC";"RHC"
"030127";"Chikomba";"Mash East";"MADAMOMBE CLINIC";"RHC"
"030128";"Chikomba";"Mash East";"MANYENE CLINIC";"RHC"
"030129";"Chikomba";"Mash East";"MASASA CLINIC";"RHC"
"030130";"Chikomba";"Mash East";"MBIRU CLINIC";"RHC"
"030131";"Chikomba";"Mash East";"MUSHIPE CLINIC";"RHC"
"030132";"Chikomba";"Mash East";"NHANGEMBWE CLINIC";"RHC"
"030133";"Chikomba";"Mash East";"POKOTEKE CLINIC";"RHC"
"030134";"Chikomba";"Mash East";"RUTANHIRA CLINIC";"RHC"
"030135";"Chikomba";"Mash East";"SHUMBA CLINIC";"RHC"
"030136";"Chikomba";"Mash East";"UNYETU CLINIC";"RHC"
"030137";"Chikomba";"Mash East";"WAZVARAMHAKA CLINIC";"RHC"
"030145";"Chikomba";"Mash East";"CHIVHU CLINIC";"RHC"
"030146";"Chikomba";"Mash East";"GANDAMI CLINIC";"RHC"
"030147";"Chikomba";"Mash East";"LANCSHIRE CLINIC";"RHC"
"030148";"Chikomba";"Mash East";"MUTORO CLINIC";"RHC"
"030149";"Chikomba";"Mash East";"WILTSHIRE CLINIC";"RHC"
"030191";"Chikomba";"Mash East";"DARAMOMBE CLINIC";"RHC"
"030192";"Chikomba";"Mash East";"MWERAHARI CLINIC";"RHC"
"030201";"Goromonzi";"Mash East";"BOSHA R.H.C.";"GVT RHC"
"030202";"Goromonzi";"Mash East";"DOMBOSHAVA TRAINING CENTRE CL";"MIN OF EDUCATION CLINIC"
"030203";"Goromonzi";"Mash East";"MWANZA R.H.C.";"GVT RHC"
"030204";"Goromonzi";"Mash East";"RUSUNUNGUKO CLINIC";"SCHOOL DISPENSARY"
"030205";"Goromonzi";"Mash East";"GOROMONZI CLINIC";"SCHOOL DISPENSARY"
"03020A";"Goromonzi";"Mash East";"MAKUMBE DISTRICT HOSPITAL";"GVT DISTRICT HOSPITAL"
"03020D";"Goromonzi";"Mash East";"CHIKWAKA HOSPITAL";"GVT RURAL HOSPITAL"
"030225";"Goromonzi";"Mash East";"CHINAMHORA CLINIC";"COUNCIL CLINIC"
"030226";"Goromonzi";"Mash East";"CHINYIKA CLINIC";"COUNCIL CLINIC"
"030227";"Goromonzi";"Mash East";"KOWOWO CLINIC";"COUNCIL CLINIC"
"030228";"Goromonzi";"Mash East";"MASUKANDORO CLINIC";"COUNCIL CLINIC"
"030229";"Goromonzi";"Mash East";"NYAWURE CLINIC";"COUNCIL CLINIC"
"030230";"Goromonzi";"Mash East";"POTE CLINIC";"COUNCIL CLINIC"
"030245";"Goromonzi";"Mash East";"BROMLEY CLINIC";"COUNCIL CLINIC"
"030246";"Goromonzi";"Mash East";"CRANBORNE CLINIC";"COUNCIL CLINIC"
"030247";"Goromonzi";"Mash East";"HENRY JOHN RHEIMER CLINIC";"COUNCIL CLINIC"
"030248";"Goromonzi";"Mash East";"KUBATSIRANA CLINIC";"COUNCIL CLINIC"
"030249";"Goromonzi";"Mash East";"RUSIKE CLINIC";"COUNCIL CLINIC"
"030250";"Goromonzi";"Mash East";"RUWA CLINIC";"COUNCIL CLINIC"
"030251";"Goromonzi";"Mash East";"JOAN RANKINI CLINIC";"COUNCIL CLINIC"
"030252";"Goromonzi";"Mash East";"ST JOSEPH CLINIC";"MISSION CLINIC"
"030273";"Goromonzi";"Mash East";"RUWA POLY CLINIC";"POLY CLINIC"
"030274";"Goromonzi";"Mash East";"MELFORT";"COUNCIL CLINIC"
"030275";"Goromonzi";"Mash East";"ACTURUS CLINIC";"MINE CLINIC"
"030276";"Goromonzi";"Mash East";"PAGEJO RARUBI";"COUNCIL CLINIC"
"030303";"UMP";"Mash East";"SOWA RHC";"RHC"
"030304";"UMP";"Mash East";"MAREMBERA RHC";"RHC"
"03030A";"UMP";"Mash East";"MUTAWATAWA DISTRICT HOSPITAL";"HOSPITAL"
"030325";"UMP";"Mash East";"BORERA CLINIC";"CLINIC"
"030326";"UMP";"Mash East";"CHIKUHWA CLINIC";"CLINIC"
"030327";"UMP";"Mash East";"CHIPFUNDE CLINIC";"CLINIC"
"030328";"UMP";"Mash East";"CHITIMBE CLINIC";"CLINIC"
"030329";"UMP";"Mash East";"CHITSUNGO CLINIC";"CLINIC"
"030330";"UMP";"Mash East";"MANYIKA CLINIC";"CLINIC"
"030331";"UMP";"Mash East";"MARAMBA CLINIC";"CLINIC"
"030332";"UMP";"Mash East";"MASHAMBANHAKA CLINIC";"CLINIC"
"030333";"UMP";"Mash East";"NHAKIWA CLINIC";"CLINIC"
"030334";"UMP";"Mash East";"NYAKASORO CLINIC";"CLINIC"
"030336";"UMP";"Mash East";"NYANZOU CLINIC";"CLINIC"
"030337";"UMP";"Mash East";"MUSKWE CLINIC";"CLINIC"
"030338";"UMP";"Mash East";"DEWE RHC";"RHC"
"030391";"UMP";"Mash East";"DINDI CLINIC";"MISSION CLINIC"
"030401";"Hwedza";"Mash East";"GARABA R.H.C.";"RHC"
"030402";"Hwedza";"Mash East";"GONESO R.H.C.";"RHC"
"030403";"Hwedza";"Mash East";"GOTO R.H.C.";"RHC"
"030405";"Hwedza";"Mash East";"SENGEZI R.H.C.";"RHC"
"030406";"Hwedza";"Mash East";"GOTORA";"RHC"
"030407";"Hwedza";"Mash East";"IDUBE CLINIC";"RHC"
"030408";"Hwedza";"Mash East";"SANGO CLINIC";"RHC"
"03040A";"Hwedza";"Mash East";"HWEDZA HOSPITAL";"RURAL HOSPITAL"
"03040B";"Hwedza";"Mash East";"MT. ST. MARYS HOSPITAL";"MISSION HOSPITAL"
"030425";"Hwedza";"Mash East";"CHIGONDO R.H.C.";"RHC"
"030427";"Hwedza";"Mash East";"MUKAMBA CLINIC";"RHC"
"030445";"Hwedza";"Mash East";"CHIKURUMADZIVA CLIN.";"RHC"
"030446";"Hwedza";"Mash East";"MAKARARA CLINIC";"RHC"
"030447";"Hwedza";"Mash East";"ZVIDURI CLINIC";"RHC"
"030501";"Marondera";"Mash East";"BORDER CHURCH R.H.C.";"RHC"
"030502";"Marondera";"Mash East";"CHIMBWANDA R.H.C.";"RHC"
"030503";"Marondera";"Mash East";"DIMBITI R.H.C.";"RHC"
"030504";"Marondera";"Mash East";"KUSHINGA PIKELELA";"COLLEGE CLINIC"
"030505";"Marondera";"Mash East";"MUDZIMUREMA R.H.C.";"RHC"
"030506";"Marondera";"Mash East";"WINIMBI R.H.C.";"RHC"
"03050A";"Marondera";"Mash East";"MARONDERA PROVINCIAL HOSPITAL";"PROVINCIAL HOSPITAL"
"03050B";"Marondera";"Mash East";"CHIOTA HOSPITAL";"RURAL HOSPITAL"
"03050C";"Marondera";"Mash East";"BORRADAILE HOSPITAL";"PRIVATE HOSPITAL"
"030511";"Marondera";"Mash East";"PRISONS MARONDERA";"RHC"
"030525";"Marondera";"Mash East";"MASIKANA CLINIC";"RHC"
"030528";"Marondera";"Mash East";"MARONDERA RURAL CLINIC";"COUNCIL CLINIC"
"030529";"Marondera";"Mash East";"CHIPARARWE CLINIC";"RHC"
"030545";"Marondera";"Mash East";"IGAVA CLINIC";"RHC"
"030546";"Marondera";"Mash East";"MARONDERA CLINIC";""
"030561";"Marondera";"Mash East";"DOMBOTOMBO CLINIC";"COUNCIL CLINIC"
"030562";"Marondera";"Mash East";"NYAMENI CLINIC";"COUNCIL CLINIC"
"030563";"Marondera";"Mash East";"NYEMBANZVERE CLINIC";"RHC"
"030564";"Marondera";"Mash East";"LUSTLEIGH CLINIC";"RHC"
"030601";"Mudzi";"Mash East";"CHIMUKOKO RHC";"RHC"
"030602";"Mudzi";"Mash East";"CHIUNYE RHC";"RHC"
"030603";"Mudzi";"Mash East";"GOZI RHC";"RHC"
"030604";"Mudzi";"Mash East";"KONDO RHC";"RHC"
"030605";"Mudzi";"Mash East";"MAKAHA";"RHC"
"030606";"Mudzi";"Mash East";"MSARAKUFA RHC";"RHC"
"030607";"Mudzi";"Mash East";"NYAMANYORA";"RHC"
"03060A";"Mudzi";"Mash East";"KOTWA HOSPITAL";"DISTRICT HOSPITAL"
"03060B";"Murewa";"Mash East";"ST.PAULS MUSAMI";"MISSION"
"03060C";"Murewa";"Mash East";"NHOWE (BRIAN LEMONS) MISSION";"MISSION HOSPITAL"
"030622";"Murewa";"Mash East";"MUREWA POLYCLINIC";"CLINIC"
"030623";"Murewa";"Mash East";"CHITOWA 1 CLINIC";"CLINIC"
"030624";"Murewa";"Mash East";"CHITOWA 2 CLINIC";"CLINIC"
"030625";"Mudzi";"Mash East";"ST PIUS CLINIC";"RHC"
"030626";"Mudzi";"Mash East";"KAPOTESE CLINIC";"RHC"
"030627";"Mudzi";"Mash East";"KOTWA CLINIC";"RHC"
"030628";"Mudzi";"Mash East";"MASENDA CLINIC";"RHC"
"030629";"Mudzi";"Mash East";"NYAMAPANDA CLINIC";"RHC"
"030630";"Mudzi";"Mash East";"NYAMATAWA CLINIC";"RHC"
"030631";"Mudzi";"Mash East";"NYAMUKOHO CLINIC";"RHC"
"030632";"Mudzi";"Mash East";"SHINGA CLINIC";"RHC"
"030633";"Mudzi";"Mash East";"SUSWE CLINIC";"RHC"
"030634";"Mudzi";"Mash East";"CHISVO CLINIC";"RHC"
"030645";"Murewa";"Mash East";"MACHEKE CLINIC";"CLINIC"
"030646";"Murewa";"Mash East";"VIRGINIA CLINIC";"CLINIC"
"030647";"Murewa";"Mash East";"WATERLOO CLINIC";"CLINIC"
"030648";"Murewa";"Mash East";"WELCOME HOME CLINIC";"CLINIC"
"030649";"Murewa";"Mash East";"KAMBARAMI CLINIC";"CLINIC"
"030650";"Murewa";"Mash East";"MUCHINJIKE CLINIC";"CLINIC"
"030672";"Murewa";"Mash East";"GOSO (BRIAN LEMONS) CLINIC";"CLINIC"
"030691";"Mudzi";"Mash East";"CHIKWIZO CLINIC";"RHC"
"030692";"Mudzi";"Mash East";"DENDERA CLINIC";"RHC"
"030693";"Mudzi";"Mash East";"NYAHUKU CLINIC";"RHC"
"030801";"Mutoko";"Mash East";"HOYUYU I R.H.C";"RHC"
"030802";"Mutoko";"Mash East";"HOYUYU II R.H.C.";"RHC"
"030803";"Mutoko";"Mash East";"KAPONDORO R.H.C.";"RHC"
"030804";"Mutoko";"Mash East";"KATSUKUNYA R.H.C.";"RHC"
"030805";"Mutoko";"Mash East";"KAWERE R.H.C.";"RHC"
"030806";"Mutoko";"Mash East";"MUSHIMBO R.H.C.";"RHC"
"030807";"Mutoko";"Mash East";"NYAMUZIZI R.H.C.";"RHC"
"030808";"Mutoko";"Mash East";"NYADIRI RESETTLEMENT";"RHC"
"030809";"Mutoko";"Mash East";"KUSHINGA RHC";"RHC"
"03080A";"Mutoko";"Mash East";"MUTOKO HOSPITAL";"DISTRICT HOSPITAL"
"03080B";"Mutoko";"Mash East";"NYAMUZUWE RURAL HOSPITAL";"RURAL HOSPITAL"
"03080C";"Mutoko";"Mash East";"MAKOSA HOSPITAL";"RURAL HOSPITAL"
"03080D";"Mutoko";"Mash East";"NYADIRI MISSION HOSPITAL";"MISSION HOSPITAL"
"03080E";"Mutoko";"Mash East";"LUISA GUIDOTTI";"MISSION HOSPITAL"
"030810";"Mutoko";"Mash East";"NZIRA RHC";"RHC"
"030812";"Mutoko";"Mash East";"CHIKONDOMA RHC";"RHC"
"030814";"Mutoko";"Mash East";"CHIDYE RHC";"RHC"
"030815";"Mutoko";"Mash East";"MADIMUTSA RHC";"RHC"
"030825";"Mutoko";"Mash East";"CHAREHWA CLINIC";"RHC"
"030826";"Mutoko";"Mash East";"MATEDZA CLINIC";"RHC"
"030891";"Mutoko";"Mash East";"CHINDENGA CLINIC";"RHC"
"030898";"Mutoko";"Mash East";"KOWO CLINIC";"RHC"
"030899";"Mutoko";"Mash East";"KAWAZVA CLINIC";"RHC"
"030901";"Seke";"Mash East";"ACTON REYNOLDS R.H.C";"RHC"
"030902";"Seke";"Mash East";"ZHAKATA R.H.C.";"RHC"
"030904";"Seke";"Mash East";"RINGA CLINIC";"RHC"
"030905";"Seke";"Mash East";"MASASA RHC";"RHC"
"03090A";"Seke";"Mash East";"BEATRICE RURAL HOSP.";"RURAL HOSPITAL"
"03090B";"Seke";"Mash East";"KUNAKA HOSPITAL";"RURAL HOSPITAL"
"030921";"Seke";"Mash East";"CHARAKUPA CLINIC";"COUNCIL CLINIC"
"030922";"Seke";"Mash East";"JONAS CLINIC";"COUNCIL CLINIC"
"030923";"Seke";"Mash East";"MAKANYAZINGWA CLINIC";"COUNCIL CLINIC"
"030924";"Seke";"Mash East";"MARIRANGWE CLINIC";"COUNCIL CLINIC"
"030925";"Seke";"Mash East";"MUDA CLINIC";"COUNCIL CLINIC"
"030926";"Seke";"Mash East";"EPWORTH POLYCLINIC";"POLYCLINIC"
"04";"Chegutu";"Mash West";"Lismora Clinic";"Clinic"
"040101";"Chegutu";"Mash West";"CHIBERO R.H.C.";"Clinic"
"040102";"Chegutu";"Mash West";"GORA R.H.C.";"Clinic"
"040103";"Chegutu";"Mash West";"MBYUANEHANDA R.H.C.";"Clinic"
"040104";"Chegutu";"Mash West";"MONERA R.H.C.";"Clinic"
"040105";"Chegutu";"Mash West";"MSENGEZI R.H.C.";"Clinic"
"040106";"Chegutu";"Mash West";"MUSINAMI R.H.C.";"Clinic"
"04010A";"Chegutu";"Mash West";"CHEGUTU HOSPITAL";"District"
"04010B";"Chegutu";"Mash West";"MHONDORO HOSPITAL";"Clinic"
"04010C";"Chegutu";"Mash West";"NORTON SELOUS HOSP.";"Clinic"
"040125";"Chegutu";"Mash West";"CHIKARA CLINIC";"Clinic"
"040126";"Chegutu";"Mash West";"CHIVERO CLINIC";"Clinic"
"040127";"Chegutu";"Mash West";"MHONDORO NORTH CLIN.";"Clinic"
"040128";"Chegutu";"Mash West";"MUPAWOSE CLINIC";"Clinic"
"040129";"Chegutu";"Mash West";"RWIZI CLINIC";"Clinic"
"040130";"Chegutu";"Mash West";"WATYOKA CLINIC";"Clinic"
"040145";"Chegutu";"Mash West";"CHEGUTU CLINIC";"Clinic"
"040146";"Chegutu";"Mash West";"DOMBWE CLINIC";"Clinic"
"040147";"Chegutu";"Mash West";"KUTANGA-UTANO CLINIC";"Clinic"
"040149";"Chegutu";"Mash West";"SELOUS CLINIC";"Clinic"
"040161";"Chegutu";"Mash West";"PFUPAJENA MUNIC CLINIC";"Clinic"
"040162";"Chegutu";"Mash West";"CHINENGUNDU CLINIC";"Clinic"
"040179";"Chegutu";"Mash West";"MAFUTI CLINIC";"Clinic"
"040180";"Chegutu";"Mash West";"BRUNSWICK CLINIC";"Clinic"
"040184";"Chegutu";"Mash West";"CHEGUTU HOSPITAL FCH";"District"
"040201";"Hurungwe";"Mash West";"CHIRUNDU R.H.C.";"RHC"
"040202";"Hurungwe";"Mash West";"CHIVENDE R.H.C.";"RHC"
"040204";"Hurungwe";"Mash West";"MARONGORA R.H.C.";"RHC"
"040205";"Hurungwe";"Mash West";"MASANGA R.H.C.";"RHC"
"040206";"Hurungwe";"Mash West";"ZVIPANI R.H.C.";"RHC"
"04020A";"Hurungwe";"Mash West";"KAROI HOSPITAL";"DISTRICT HOSPITAL"
"04020B";"Hurungwe";"Mash West";"HURUNGWE HOSPITAL";"RURAL HOSPITAL"
"04020C";"Hurungwe";"Mash West";"MWANI HOSPITAL";"RURAL HOSPITAL"
"04020D";"Hurungwe";"Mash West";"CHIDAMOYO HOSPITAL";"MISSION HOSPITAL"
"040225";"Hurungwe";"Mash West";"CHINHERE CLINIC";"RHC"
"040226";"Hurungwe";"Mash West";"CHUNDU CLINIC";"RHC"
"040227";"Hurungwe";"Mash West";"KASANGARARE CLINIC";"RHC"
"040228";"Hurungwe";"Mash West";"NYAMAKATE CLINIC";"RHC"
"040229";"Hurungwe";"Mash West";"NYAMHUNGA CLINIC";"RHC"
"040245";"Hurungwe";"Mash West";"HELWIN CLINIC";"RHC"
"040246";"Hurungwe";"Mash West";"HESKETH CLINIC";"RHC"
"040247";"Hurungwe";"Mash West";"MASHONGWE CLINIC";"RHC"
"040248";"Hurungwe";"Mash West";"NYANGOMA CLINIC";"RHC"
"040249";"Hurungwe";"Mash West";"TENGWE CLINIC";"RHC"
"040261";"Hurungwe";"Mash West";"CHIKANGWE CLINIC";"RHC"
"040275";"Hurungwe";"Mash West";"LYNX CLINIC";"RHC"
"040291";"Hurungwe";"Mash West";"KAPFUNDE CLINIC";"RHC"
"040294";"Hurungwe";"Mash West";"KASIMURE CLINIC";"RHC"
"040295";"Hurungwe";"Mash West";"KARURU CLINIC";"RHC"
"040296";"Hurungwe";"Mash West";"DETE";"RHC"
"040297";"Hurungwe";"Mash West";"LANLORY";"RHC"
"040299";"Hurungwe";"Mash West";"DORO";"RHC"
"040302";"Kadoma";"Mash West";"DOMBOSHAVA R.H.C.";"GVT CLINIC"
"040303";"Kadoma";"Mash West";"DONAINE R.H.C.";"GVT CLINIC"
"040304";"Kadoma";"Mash West";"GEJA R.H.C.";"GVT CLINIC"
"040305";"Kadoma";"Mash West";"JOMPANI R.H.C.";"GVT CLINIC"
"040306";"Kadoma";"Mash West";"BUMBE RHC";"GVT CLINIC"
"040308";"Kadoma";"Mash West";"MUZVEZVE R.H.C.";"GVT CLINIC"
"040309";"Kadoma";"Mash West";"NYABANGO R.H.C.";"GVT CLINIC"
"04030A";"Kadoma";"Mash West";"KADOMA HOSPITAL";"GVT HOSPITAL"
"04030B";"Kadoma";"Mash West";"NGEZI HOSPITAL";"GVT HOSPITAL"
"04030C";"Kadoma";"Mash West";"SANYATI HOSPITAL";"GVT HOSPITAL"
"04030D";"Kadoma";"Mash West";"ST.MICHAELS HOSPITA";"MISSION HOSPITAL"
"04030F";"Kadoma";"Mash West";"RIMUKA MATERNITY HOME";"MISSION HOSPITAL"
"040310";"Kadoma";"Mash West";"NYAMATANI R.H.C.";"COUNCIL CLINIC"
"040311";"Kadoma";"Mash West";"VERE R.H.C.";"GVT CLINIC"
"040312";"Kadoma";"Mash West";"GUDUBU RHC";"GVT CLINIC"
"040315";"Kadoma";"Mash West";"MANYONI RHC";"GVT CLINIC"
"040316";"Kadoma";"Mash West";"CHEMUKUTE";"COUNCIL CLINIC"
"040317";"Kadoma";"Mash West";"TWINTOPS CLINIC";"COUNCIL CLINIC"
"040318";"Kadoma";"Mash West";"CHINGONDO CLINIC";"COUNCIL CLINIC"
"040320";"Kadoma";"Mash West";"BLACKMOREVALE CLINIC";"COUNCIL CLINIC"
"040321";"Kadoma";"Mash West";"NYAONDE CLINIC";"GVT CLINIC"
"040322";"Kadoma";"Mash West";"MUKARATI CLINIC";"COUNCIL CLINIC"
"040323";"Kadoma";"Mash West";"ZIMPLATS NGEZI TRAUMA CENTRE";"MINE CLINIC"
"040325";"Kadoma";"Mash West";"BURURU CLINIC";"COUNCIL CLINIC"
"040326";"Kadoma";"Mash West";"CHIRIKITI CLINIC";"COUNCIL CLINIC"
"040327";"Kadoma";"Mash West";"MANYEWE CLINIC";"COUNCIL CLINIC"
"040328";"Kadoma";"Mash West";"MURAMBWA CLINIC";"COUNCIL CLINIC"
"040329";"Kadoma";"Mash West";"MUWUYU CLINIC";"COUNCIL CLINIC"
"040330";"Kadoma";"Mash West";"SANYATI ARDA CLINIC";"COUNCIL CLINIC"
"040345";"Kadoma";"Mash West";"CHENJIRI CLINIC";"COUNCIL CLINIC"
"040346";"Kadoma";"Mash West";"ORDOFF CLINIC";"COUNCIL CLINIC"
"040347";"Kadoma";"Mash West";"RUBATSIRO CLINIC";""
"040348";"Kadoma";"Mash West";"TURF ESTATE CLINIC";"COUNCIL CLINIC"
"040361";"Kadoma";"Mash West";"RIMUKA";"COUNCIL CLINIC"
"040362";"Kadoma";"Mash West";"WAVERLY";"COUNCIL CLINIC"
"040363";"Kadoma";"Mash West";"INGEZI CLINIC";"COUNCIL CLINIC"
"040375";"Kadoma";"Mash West";"BROMPTON CLINIC";""
"040376";"Kadoma";"Mash West";"EIFFEL FLATS CLINIC";"PRIVATE CLINIC"
"040377";"Kadoma";"Mash West";"GOLDEN VALLEY CLINIC";"MINING CLINIC"
"040378";"Kadoma";"Mash West";"KOSANA RCC";""
"040379";"Kadoma";"Mash West";"PATCHWAY CLINIC";"CLINIC"
"040380";"Kadoma";"Mash West";"VENICE CLINIC";"PRIVATE CLINIC"
"040384";"Kadoma";"Mash West";"MAFINDIFINDI";"COUNCIL CLINIC"
"040386";"Kadoma";"Mash West";"SANYATI OUTREACH CL";""
"040402";"Kariba";"Mash West";"GACHE-GACHE R.H.C.";"GVT CLINIC"
"040403";"Kariba";"Mash West";"KANYATI R.H.C.";"GVT CLINIC"
"040404";"Kariba";"Mash West";"MOLA CLINIC";"GVT CLINIC"
"040405";"Kariba";"Mash West";"NEGANDE R.H.C.";"GVT CLINIC"
"04040A";"Kariba";"Mash West";"KARIBA HOSPITAL";"GVT HOSPITAL"
"040425";"Kariba";"Mash West";"CHALALA CLINIC";"COUNCIL CLINIC"
"040427";"Kariba";"Mash West";"MSAMPAKARUWA CLINIC";"GVT CLINIC"
"040428";"Kariba";"Mash West";"SIYAKOBVU CLINIC";"GVT HOSPITAL"
"040461";"Kariba";"Mash West";"NYAMHUNGA";"MUNICIPALITY CLINIC"
"040462";"Kariba";"Mash West";"MAHOMBEKOMBE";"MUNICIPALITY CLINIC"
"040463";"Kariba";"Mash West";"KASVISVA RHC";"COUNCIL CLINIC"
"040505";"Makonde";"Mash West";"KAMHONDE R.H.C.";"Clinic"
"040506";"Makonde";"Mash West";"KENZAMBA R.H.C.";"Clinic"
"040507";"Makonde";"Mash West";"MUREREKA R.H.C.";"Clinic"
"040508";"Makonde";"Mash West";"ZUMBARA R.H.C.";"Clinic"
"040509";"Makonde";"Mash West";"GODZI RCC";"Clinic"
"04050A";"Makonde";"Mash West";"CHINHOYI PROV.HOSP.";"Provincial"
"04050B";"Makonde";"Mash West";"ST.RUPERTS HOSPITAL";"Mission"
"04050C";"Makonde";"Mash West";"ALASKA MINE HOSPITAL";"Clinic"
"04050D";"Makonde";"Mash West";"MAKONDE CHRISTIAN(MHANGURA) H";"Mission"
"04050Q";"Makonde";"Mash West";"CHINHOYI PROV HOSP FCH";"Provincial"
"040512";"Makonde";"Mash West";"GUDUBU CLINIC";"Clinic"
"040525";"Makonde";"Mash West";"HOMBWE CLINIC";"Clinic"
"040526";"Makonde";"Mash West";"MUKOHWE CLINIC";"Clinic"
"040527";"Makonde";"Mash West";"OBVA CLINIC";"Clinic"
"040545";"Makonde";"Mash West";"DOMA CLINIC";"Clinic"
"040547";"Makonde";"Mash West";"MATORANJERA CLINIC";"Clinic"
"040548";"Makonde";"Mash West";"UMBOE CLINIC";"Clinic"
"040561";"Makonde";"Mash West";"CHINOYI CLINIC";"Clinic"
"040562";"Makonde";"Mash West";"CHIKONOHONO";"Clinic"
"040575";"Makonde";"Mash West";"ALASKA CLINIC";"Clinic"
"040578";"Makonde";"Mash West";"KHOSANA";"Clinic"
"040579";"Makonde";"Mash West";"NYAMUGOMBA RCC";"Clinic"
"040601";"Zvimba";"Mash West";"CHIVHERE RHC";"Clinic"
"040602";"Zvimba";"Mash West";"GWEBI R.H.C.";"Clinic"
"04060A";"Zvimba";"Mash West";"BANKET HOSPITAL OPD";"District"
"04060B";"Zvimba";"Mash West";"BANKET HOSPITAL MCH";"District"
"04060C";"Zvimba";"Mash West";"DARWENDALE HOSPITAL";"Rural Hospital"
"04060D";"Zvimba";"Mash West";"RAFFINGORA HOSPITAL";"Rural Hospital"
"04060E";"Zvimba";"Mash West";"FATHER OHEA";"Mission Hospital"
"04060F";"Zvimba";"Mash West";"MUTORASHANGA MINE H.";"Rural Hospital"
"04060G";"Zvimba";"Mash West";"ZVIMBA HOSPITAL";"Rural Hospital"
"040625";"Zvimba";"Mash West";"MASIYARWA CLINIC";"Clinic"
"040626";"Zvimba";"Mash West";"CHIRAU CLINIC";"Clinic"
"040627";"Zvimba";"Mash West";"JARI CLINIC";"Clinic"
"040628";"Zvimba";"Mash West";"MADZORERA CLINIC";"Clinic"
"040629";"Zvimba";"Mash West";"MPUMBU CLINIC";"Clinic"
"040641";"Zvimba";"Mash West";"ADA SISI CLINIC";"Clinic"
"040642";"Zvimba";"Mash West";"AYSHIRE CLINIC";"Clinic"
"040643";"Zvimba";"Mash West";"KUTAMA CLINIC";"Clinic"
"040644";"Zvimba";"Mash West";"KUWADZANA CLINIC";"Clinic"
"040645";"Zvimba";"Mash West";"MT.HAMPDEN CLINIC";"Clinic"
"040646";"Zvimba";"Mash West";"NYABIRA CLINIC";"Clinic"
"040647";"Zvimba";"Mash West";"T.R.B. CLINIC";"Clinic"
"040648";"Zvimba";"Mash West";"TRELAWNY CLINIC";"Clinic"
"040649";"Zvimba";"Mash West";"ZOWA CLINIC";"Clinic"
"040675";"Zvimba";"Mash West";"CAESAR CLINIC";"Clinic"
"040677";"Zvimba";"Mash West";"SUTTON MINE CLINIC";"Clinic"
"040678";"Zvimba";"Mash West";"VANAD CLINIC";"Clinic"
"040679";"Zvimba";"Mash West";"KEMURARA CLINIC";"Clinic"
"040680";"Zvimba";"Mash West";"DZIVARASEKWA EXTENSION";"Clinic"
"040681";"Zvimba";"Mash West";"INKOMO CLINIC";"Clinic"
"040683";"Zvimba";"Mash West";"MAPINGA CLINIC";"Clinic"
"05";"Bubi";"Mat North";"BALANDA RHC";"RHC"
"050101";"Binga";"Mat North";"CHUNGA R.H.C.";"GVT"
"050102";"Binga";"Mat North";"LUBIMBI R.H.C.";"GVT"
"050103";"Binga";"Mat North";"LUSULU R.H.C.";"GVT"
"050104";"Binga";"Mat North";"MUCHESU R.H.C.";"GVT"
"050105";"Binga";"Mat North";"SIANSUNDU R.H.C.";"GVT"
"050108";"Binga";"Mat North";"CHINEGO R.H.C.";"COUNCIL"
"05010A";"Binga";"Mat North";"BINGA DISTRICT HOSPITAL";"DISTRICT GVT"
"05010B";"Binga";"Mat North";"SIABUWA HOSPITAL";"GVT"
"05010C";"Binga";"Mat North";"KARIYANGWE HOSPITAL";"MISSION"
"050125";"Binga";"Mat North";"PASHU CLINIC";"COUNCIL"
"050190";"Binga";"Mat North";"TINDE CLINIC";"MISSION"
"050191";"Binga";"Mat North";"SINAKOMA RHC";"COUNCIL"
"050192";"Binga";"Mat North";"SIMATELELE";"GVT"
"050193";"Binga";"Mat North";"SINANSENGWE RHC";"COUNCIL"
"050201";"Bubi";"Mat North";"LUKALA R.H.C.";"RHC"
"050202";"Bubi";"Mat North";"MEMBESWANA R.H.C.";"RHC"
"05020A";"Bubi";"Mat North";"INYATHI HOSPITAL";"DISTRICT HOSPITAL"
"050226";"Bubi";"Mat North";"SIGANDA CLINIC";"RHC"
"050228";"Bubi";"Mat North";"MAJIJI CLINIC";"RHC"
"050230";"Bubi";"Mat North";"MDUTSHANE RHC";"RHC"
"050301";"Hwange";"Mat North";"CHISUMA R.H.C.";"RHC"
"050302";"Hwange";"Mat North";"JAMBEZI R.H.C.";"RHC"
"050303";"Hwange";"Mat North";"KANYWAMBIZI RHC";"RHC"
"050304";"Hwange";"Mat North";"MWAKANDARA R.H.C.";"RHC"
"050305";"Hwange";"Mat North";"MWEMBA R.H.C.";"RHC"
"05030A";"Hwange";"Mat North";"VICTORIA FALLS HOSP.";"DISTRICT HOSPITAL"
"05030B";"Hwange";"Mat North";"LUKOSI HOSPITAL";"RURAL HOSPITAL"
"05030C";"Hwange";"Mat North";"KAMATIVI TIN HOSPIT.";"MISSION"
"05030D";"Hwange";"Mat North";"HWANGE COLLERY HOSP.";"PRIVATE HOSPITAL"
"050326";"Hwange";"Mat North";"DETE CLINIC";"RHC"
"050327";"Hwange";"Mat North";"DINDE CLINIC";"RHC"
"050330";"Hwange";"Mat North";"LUPOTE CLINIC";"RHC"
"050332";"Hwange";"Mat North";"NDLOVU CLINIC";"RHC"
"050333";"Hwange";"Mat North";"SIMANGANE CLINIC";"RHC"
"050334";"Hwange";"Mat North";"VIC.FALLS CLINIC";"URBAN CLINIC"
"050335";"Hwange";"Mat North";"MABALE CLINIC";"RHC"
"050336";"Hwange";"Mat North";"ROBINS CLINIC";"PRIVATE"
"050337";"Hwange";"Mat North";"ST PATRICKS HOSPITAL";"MISSION HOSPITAL"
"050359";"Hwange";"Mat North";"ZESA CHIBONDO";"PRIVATE CLINIC"
"050360";"Hwange";"Mat North";"INGAGULA CLINIC";"CLINIC"
"050361";"Hwange";"Mat North";"EMPUMALANGA";"URBAN CLINIC"
"050362";"Hwange";"Mat North";"CHINOTIMBA";"URBAN CLINIC"
"050381";"Hwange";"Mat North";"DETE CLINIC (NRZ)";"CLINIC"
"050382";"Hwange";"Mat North";"NGUMIJA CLINIC (NRZ)";"CLINIC"
"050383";"Hwange";"Mat North";"N.R.Z. SURGERY (NRZ)";""
"050391";"Hwange";"Mat North";"LUKUNGUNI CLINIC";"MISSION"
"050392";"Hwange";"Mat North";"NO. 1 CLINIC";"URBAN CLINIC"
"050393";"Hwange";"Mat North";"NO. 1 NORTH CLINIC";"URBAN CLINIC"
"050394";"Hwange";"Mat North";"NO. 2 CLINIC";"URBAN CLINIC"
"050395";"Hwange";"Mat North";"NO. 3 COLLIERY CLINIC";"URBAN CLINIC"
"050396";"Hwange";"Mat North";"NO. 5 CLINIC";"URBAN CLINIC"
"050397";"Hwange";"Mat North";"NO. 2 NORTH CLINIC";"URBAN CLINIC"
"050402";"Lupane";"Mat North";"DANDANDA R.H.C.";"GVT"
"050403";"Lupane";"Mat North";"DONGAMUZI R.H.C.";"COUNCIL"
"050404";"Lupane";"Mat North";"GOMOZA R.H.C.";"GVT"
"050405";"Lupane";"Mat North";"KANYANDAVU R.H.C.";"GVT"
"050406";"Lupane";"Mat North";"LUPANE R.H.C.";"GVT"
"050407";"Lupane";"Mat North";"LUPAKA CLINIC";"GVT"
"050408";"Lupane";"Mat North";"MOBILE A";"GVT"
"05040A";"Lupane";"Mat North";"ST.PAULS HOSPITAL";"COUNCIL"
"05040B";"Lupane";"Mat North";"ST.LUKES HOSPITAL";"DISTRICT MISSION"
"050426";"Lupane";"Mat North";"JOTSHOLO CLINIC";"COUNCIL"
"050427";"Lupane";"Mat North";"MDLANKUZI CLINIC";"COUNCIL"
"050491";"Lupane";"Mat North";"FATIMA MISSION";"COUNCIL"
"050492";"Lupane";"Mat North";"GWAAI RHC";"COUNCIL"
"050502";"Nkayi";"Mat North";"MATEME R.H.C.";"RHC"
"050503";"Nkayi";"Mat North";"NGWALADI R.H.C.";"RHC"
"050505";"Nkayi";"Mat North";"SIVALO R.H.C.";"RHC"
"050506";"Nkayi";"Mat North";"ZENKA R.H.C.";"RHC"
"05050A";"Nkayi";"Mat North";"NKAYI HOSPITAL";"DISTRICT HOSPITAL"
"05050B";"Nkayi";"Mat North";"DAKAMELA HOSPITAL";"RURAL HOSPITAL"
"05050C";"Nkayi";"Mat North";"MBUMA HOSPITAL";"MISSION"
"050525";"Nkayi";"Mat North";"FANISONI CLINIC";"RHC"
"050526";"Nkayi";"Mat North";"NESINGWE CLINIC";"RHC"
"050527";"Nkayi";"Mat North";"SEBHUMANE CLINIC";"RHC"
"050528";"Nkayi";"Mat North";"SIKHOBOKHOBO CLINIC";"RHC"
"050529";"Nkayi";"Mat North";"ZINYANGENI CLINIC";"RHC"
"050532";"Nkayi";"Mat North";"GUWE CLINIC";"RHC"
"050533";"Nkayi";"Mat North";"GWELUTSHENA CLINIC";"RHC"
"050534";"Nkayi";"Mat North";"SESEMBA CLINIC";"RHC"
"050603";"Tsholotsho";"Mat North";"MAKHAZA R.H.C.";"RHC"
"050604";"Tsholotsho";"Mat North";"MLAGISA R.H.C.";"RHC"
"050605";"Tsholotsho";"Mat North";"MTSHAYELI R.H.C.";"RHC"
"050606";"Tsholotsho";"Mat North";"SODAKA R.H.C.";"RHC"
"05060A";"Tsholotsho";"Mat North";"TSHOLOTSHO HOSPITAL";"DISTRICT HOSPITAL"
"05060B";"Tsholotsho";"Mat North";"SIPHEPHA HOSPITAL";"RURAL HOSPITAL"
"05060C";"Tsholotsho";"Mat North";"PHUMULA HOSPITAL";"MISSION HOSPITAL"
"050625";"Tsholotsho";"Mat North";"BHUBHUDHE CLINIC";"RHC"
"050626";"Tsholotsho";"Mat North";"DLAMINI CLINIC";"RHC"
"050628";"Tsholotsho";"Mat North";"JIMILA CLINIC";"RHC"
"050629";"Tsholotsho";"Mat North";"MADLANGOMBE CLINIC";"RHC"
"050630";"Tsholotsho";"Mat North";"NKUNZI CLINIC";"RHC"
"050631";"Tsholotsho";"Mat North";"TSHOLOTSHO URBAN CLINIC";"RHC"
"050696";"Tsholotsho";"Mat North";"KAPANE RHC";"RHC"
"050697";"Tsholotsho";"Mat North";"MPANEDZIBA RHC";"RHC"
"050698";"Tsholotsho";"Mat North";"SIKENTE RHC";"RHC"
"050699";"Tsholotsho";"Mat North";"BEMBA RHC";"RHC"
"050703";"Umuguza";"Mat North";"IGUSI";"RHC"
"05070A";"Umuguza";"Mat North";"NYAMADHLOVU";"RURAL HOSPITAL"
"050720";"Umuguza";"Mat North";"REDWOOD CLINIC";"COUNCIL CLINIC"
"050726";"Umuguza";"Mat North";"FINGO";"COUNCIL CLINIC"
"050729";"Umuguza";"Mat North";"NTABAZINDUNA";"COUNCIL CLINIC"
"050733";"Umuguza";"Mat North";"MBEMBESI";"RHC"
"050765";"Umuguza";"Mat North";"IMBIZO";"ZNA HOSPITAL"
"050781";"Umuguza";"Mat North";"T.G.SILUNDIKA";"SCHOOL CLINIC"
"050791";"Umuguza";"Mat North";"ST JAMES MISSION";"SCHOOL CLINIC"
"050797";"Umuguza";"Mat North";"INDUNA";"ZNA CLINIC"
"050798";"Umuguza";"Mat North";"MUNTU CLINIC";"COUNCIL CLINIC"
"050799";"Umuguza";"Mat North";"ICHAMI";"ZPS-CLINIC"
"060101";"Beitbridge";"Mat South";"CHIKWALAKWALA RHC";"RHC"
"060102";"Beitbridge";"Mat South";"CHITULIPASI RHC";"RHC"
"060103";"Beitbridge";"Mat South";"DITE R.H.C.";"RHC"
"060104";"Beitbridge";"Mat South";"MAJINI R.H.C.";"RHC"
"060106";"Beitbridge";"Mat South";"SHABWE RHC";"RHC"
"060109";"Beitbridge";"Mat South";"NOTTINGHAM RHC";"RHC"
"06010A";"Beitbridge";"Mat South";"BEITBRIDGE HOSPITAL";"DISTRICT HOSPITAL"
"060125";"Beitbridge";"Mat South";"CHASVINGO CLINIC";"RHC"
"060126";"Beitbridge";"Mat South";"DULIBADZIMO";"URBAN CLINIC"
"060127";"Beitbridge";"Mat South";"MASERA CLINIC";"RHC"
"060128";"Beitbridge";"Mat South";"SWEREKI RHC";"RHC"
"060129";"Beitbridge";"Mat South";"SHASHE CLINIC";"RHC"
"060130";"Beitbridge";"Mat South";"TONGWE CLINIC";"RHC"
"060131";"Beitbridge";"Mat South";"ZEZANI CLINIC";"RHC"
"060176";"Beitbridge";"Mat South";"MAKAKABULE CLINIC";"RHC"
"060177";"Beitbridge";"Mat South";"CHAMNANGANA CLINIC";"RHC"
"060201";"Bulilima";"Mat South";"VILLAGE 13 R.H.C";"RHC"
"060202";"Bulilima";"Mat South";"HUWANA R.H.C.";"RHC"
"060204";"Bulilima";"Mat South";"MAKHULELA R.H.C.";"RHC"
"060206";"Bulilima";"Mat South";"MATJINGE R.H.C.";"RHC"
"060208";"Bulilima";"Mat South";"NSWAZWI R.H.C";"RHC"
"06020B";"Bulilima";"Mat South";"LADY BARRING HOSPITA";"RURAL HOSPITAL"
"06020C";"Bulilima";"Mat South";"LADY STANLEY HOSPITA";"RURAL HOSPITAL"
"060220";"Bulilima";"Mat South";"HINGWE R.H.C";"RHC"
"060225";"Bulilima";"Mat South";"BOMBODEMA CLINIC";"RHC"
"060228";"Bulilima";"Mat South";"MADLAMBUDZI CLINIC";"RHC"
"060230";"Bulilima";"Mat South";"NDIWENI CLINIC";"RHC"
"060231";"Bulilima";"Mat South";"SIKHATHINI CLINIC";"RHC"
"060235";"Bulilima";"Mat South";"MASENDU RHC";"RHC"
"060291";"Bulilima";"Mat South";"SOLUSI CLINIC";"MISSION"
"060301";"Gwanda";"Mat South";"GUNGWE R.H.C.";"RHC"
"060302";"Gwanda";"Mat South";"MAKWE RHC";"RHC"
"060303";"Gwanda";"Mat South";"NHWALI RHC";"RHC"
"060305";"Gwanda";"Mat South";"SIMBUMBUMBU CLINIC";"RHC"
"060306";"Gwanda";"Mat South";"STAINMORE R.H.C.";"RHC"
"06030A";"Gwanda";"Mat South";"GWANDA PROVINCIAL HOSPITAL";"PROVINCIAL HOSPITAL"
"06030B";"Gwanda";"Mat South";"MANAMA HOSPITAL";"MISSION HOSPITAL"
"06030C";"Gwanda";"Mat South";"MTSHABEZI HOSPITAL";"MISSION HOSPITAL"
"060325";"Gwanda";"Mat South";"BUVUMA CLINIC";"RHC"
"060326";"Gwanda";"Mat South";"KAFUSI CLINIC";"RHC"
"060327";"Gwanda";"Mat South";"MASHABA CLINIC";"RHC"
"060328";"Gwanda";"Mat South";"MZIMUNI CLINIC";"RHC"
"060329";"Gwanda";"Mat South";"NTALALE CLINIC";"RHC"
"060330";"Gwanda";"Mat South";"SENGEZANE CLINIC";"RHC"
"060331";"Gwanda";"Mat South";"GARANYEMBA";"RHC"
"060332";"Gwanda";"Mat South";"SITEZI";"RHC"
"060333";"Gwanda";"Mat South";"LUSHONGWE";"RHC"
"060334";"Gwanda";"Mat South";"MAPATE";"RHC"
"060362";"Gwanda";"Mat South";"PHAKAMA CLINIC";"URBAN CLINIC"
"060363";"Gwanda";"Mat South";"SELONGA CLINIC";"RHC"
"060380";"Gwanda";"Mat South";"VUMBACHIKWE CLINIC";"RHC"
"060381";"Gwanda";"Mat South";"J.Z.MOYO CLINIC";"SCHOOL"
"060382";"Gwanda";"Mat South";"WEST NICHOLSON ZIMCARE CLINIC";"RHC"
"060402";"Insiza";"Mat South";"GWATEMBA R.H.C.";""
"060403";"Insiza";"Mat South";"INSIZA R.H.C.";""
"060404";"Insiza";"Mat South";"MABUZE R.H.C.";"RDC"
"060405";"Insiza";"Mat South";"NKANKEZI R.H.C.";"RDC"
"060406";"Insiza";"Mat South";"NYAMIME R.H.C.";"RDC"
"060407";"Insiza";"Mat South";"SANALE R.H.C.";"RDC"
"06040A";"Insiza";"Mat South";"FILABUSI HOSPITAL";"DISTRICT HOSPITAL"
"06040B";"Insiza";"Mat South";"SHANGANI HOSPITAL";"GVT"
"06040C";"Insiza";"Mat South";"AVOCA HOSPITAL";"GVT"
"06040D";"Insiza";"Mat South";"WANEZI HOSPITAL";"MISSION"
"060425";"Insiza";"Mat South";"SINGWANGO CLINIC";"RDC"
"060426";"Insiza";"Mat South";"ZHULUBE CLINIC";"RDC"
"060427";"Insiza";"Mat South";"SINGWAMBIZI CLINIC";"RDC"
"060428";"Insiza";"Mat South";"KOMBO HEALTH POST";""
"060477";"Insiza";"Mat South";"SHANGANI CLINIC";"MINING"
"060501";"Matobo";"Mat South";"NATISA R.H.C.";"RHC"
"060502";"Matobo";"Mat South";"SANKONJANE R.H.C.";"RHC"
"060503";"Matobo";"Mat South";"HOMESTEAD R.H.C.";"RHC"
"060504";"Matobo";"Mat South";"BEULA-SEULA R.H.C.";"RHC"
"060505";"Matobo";"Mat South";"EKUKHANYENI RHC";"RHC"
"06050A";"Matobo";"Mat South";"MAPHISA HOSPITAL";"DISTRICT RURAL"
"06050B";"Matobo";"Mat South";"KEZI HOSPITAL";"RURAL HOSPITAL"
"06050C";"Matobo";"Mat South";"MATOPO HOSPITAL";"MISSION HOSPITAL"
"06050D";"Matobo";"Mat South";"TSHELANYEMBA HOSP.";"MISSION HOSPITAL"
"06050E";"Matobo";"Mat South";"ST.JOSEPHS HOSPITAL";"MISSION HOSPITAL"
"060525";"Matobo";"Mat South";"MBEMBESWANE R.H.C.";"MISSION CLINIC"
"060527";"Matobo";"Mat South";"BOOMERANGE HEALTH POST";"RHC"
"060581";"Matobo";"Mat South";"GULATI CLINIC";"RHC"
"060591";"Matobo";"Mat South";"MATOPO CLINIC";"RHC"
"060592";"Matobo";"Mat South";"BAZHA CLINIC";"RHC"
"060593";"Matobo";"Mat South";"MASIYE CAMP HEALTH POST";"HEALTH POST"
"060594";"Matobo";"Mat South";"CYRENE CLINIC";"CLINIC"
"060601";"Umzingwane";"Mat South";"KUMBUDZI R.H.C.";""
"060602";"Umzingwane";"Mat South";"MBIZINGWE R.H.C.";""
"060603";"Umzingwane";"Mat South";"Z.N.A. CLINIC";"GVT CLINIC"
"06060A";"Umzingwane";"Mat South";"ESIGODINI HOSPITAL";"DISTRICT"
"060625";"Umzingwane";"Mat South";"ESIBOMVU CLINIC";""
"060626";"Umzingwane";"Mat South";"HABANE CLINIC";""
"060627";"Umzingwane";"Mat South";"MAWABENI CLINIC";""
"060628";"Umzingwane";"Mat South";"MHLALANDLELA CLINIC";""
"060629";"Umzingwane";"Mat South";"NHLANGANO CLINIC";""
"060630";"Umzingwane";"Mat South";"NSWAZI CLINIC";""
"060631";"Umzingwane";"Mat South";"NTSHAMATHE CLINIC";""
"060632";"Umzingwane";"Mat South";"IRRISVALE CLINIC";""
"060633";"Umzingwane";"Mat South";"MPISINI HEALTH POST";""
"060676";"Umzingwane";"Mat South";"HOW MINE CLINIC";"MINING"
"060681";"Umzingwane";"Mat South";"AGRICULTURE INST.";""
"060684";"Umzingwane";"Mat South";"MZINGWANE CLINIC";"MINING"
"060703";"Mangwe";"Mat South";"INGWIZI R.H.C";"RHC"
"060705";"Mangwe";"Mat South";"MARULA CLINIC";"RHC"
"060707";"Mangwe";"Mat South";"MAYOBODO R.H.C";"RHC"
"060709";"Mangwe";"Mat South";"BANGO R.H.C";"RHC"
"06070A";"Mangwe";"Mat South";"PLUMTREE HOSPITAL";"REFERRAL DISTRICT HOSPITAL"
"06070D";"Mangwe";"Mat South";"ST ANNES MISSION HOSP BRUNAPE";"REFERRAL MISSION HOSPITAL"
"06070E";"Mangwe";"Mat South";"EMBAKWE MISSION HOSP";"MISSION"
"060727";"Mangwe";"Mat South";"MADABE CLINIC";"RHC"
"060729";"Mangwe";"Mat South";"MAMBALE CLINIC";"RHC"
"060732";"Mangwe";"Mat South";"TSHITSHI CLINIC";"RHC"
"060733";"Mangwe";"Mat South";"SANZUKWI CLINIC";"RHC"
"060745";"Mangwe";"Mat South";"DINGUMUZI CLINIC";"URBAN CLINIC"
"060792";"Mangwe";"Mat South";"EMPANDENI CLINIC";"MISSION"
"07";"Gokwe North";"Midlands";"GANDAVAROYI";"GVT"
"070101";"Chirumanzu";"Midlands";"CHIZHOU CLINIC";"Clinic"
"070102";"Chirumanzu";"Midlands";"DENHERE CLINIC";"Clinic"
"070103";"Chirumanzu";"Midlands";"LYNWOOD CLINIC";"Clinic"
"070104";"Chirumanzu";"Midlands";"NYAUTONGE R.H.C.";"Clinic"
"070105";"Chirumanzu";"Midlands";"NYIKAVANHU CLINIC";"Clinic"
"070106";"Chirumanzu";"Midlands";"GURAMATUNHU RHC";"Clinic"
"070108";"Chirumanzu";"Midlands";"TOKWE IV RHC";"Clinic"
"070109";"Chirumanzu";"Midlands";"MUSENA RHC";"Clinic"
"07010A";"Chirumanzu";"Midlands";"MVUMA HOSPITAL";"District Hospital"
"07010B";"Chirumanzu";"Midlands";"CHAKA (CHIRUMHANZI) RURAL HOS";"Rural Hospital"
"07010C";"Chirumanzu";"Midlands";"DRIEMFONTEIN HOSPITAL";"Referral Hospital"
"07010D";"Chirumanzu";"Midlands";"HOLY CROSS HOSPITAL";"Clinic"
"07010E";"Chirumanzu";"Midlands";"MUVONDE HOSPITAL";"Referral Hospital"
"07010F";"Chirumanzu";"Midlands";"ST.THERESSA HOSPITAL";"Clinic"
"070125";"Chirumanzu";"Midlands";"CHENGWENA CLINIC";"Clinic"
"070126";"Chirumanzu";"Midlands";"HAMA CLINIC";"Clinic"
"070127";"Chirumanzu";"Midlands";"SIYAHOKWE CLINIC";"Clinic"
"070128";"Chirumanzu";"Midlands";"MAPIRAVANA";"Clinic"
"070145";"Chirumanzu";"Midlands";"LALAPANZI (ZIMASCOZ0 CLINIC";"Clinic"
"070151";"Chirumanzu";"Midlands";"ZAMASCO CLINIC";"Private Clinic"
"070182";"Chirumanzu";"Midlands";"MTAO FOREST CLINIC";"Private Clinic"
"070201";"Gokwe North";"Midlands";"GWANYIKA R.H.C.";""
"070202";"Gokwe North";"Midlands";"KADZIDIRIRE R.H.C.";"RHC"
"070203";"Gokwe North";"Midlands";"MADZIVAZVIDO R.H.C.";"RHC"
"070204";"Gokwe North";"Midlands";"MUSADZI R.H.C.";"RHC"
"070205";"Gokwe North";"Midlands";"MASHAME R.H.C.";"RHC"
"070206";"Gokwe North";"Midlands";"MATETA R.H.C.";""
"070207";"Gokwe North";"Midlands";"NORAH R.H.C.";"RHC"
"070208";"Gokwe North";"Midlands";"NYAJE R.H.C.";""
"070209";"Gokwe North";"Midlands";"SIMCHEMBU R.H.C.";"RHC"
"07020A";"Gokwe North";"Midlands";"GOKWE HOSPITAL";""
"07020B";"Gokwe North";"Midlands";"CHIREYA HOSPITAL";"MISSION HOSPITAL"
"07020C";"Gokwe North";"Midlands";"KANA HOSPITAL";"RHC"
"07020D";"Gokwe North";"Midlands";"MUTORA HOSPITAL";""
"070210";"Gokwe North";"Midlands";"TSUNGAI R.H.C.";""
"070211";"Gokwe North";"Midlands";"SVISVI CLINIC";""
"070212";"Gokwe North";"Midlands";"ZHAMBA CLINIC";""
"070213";"Gokwe North";"Midlands";"CHEZIYA CLINIC";""
"070216";"Gokwe North";"Midlands";"CHITAVE CLINIC";""
"070217";"Gokwe North";"Midlands";"MATEME SDA CLINIC";""
"070219";"Gokwe North";"Midlands";"JAHANA CLINIC";""
"070225";"Gokwe North";"Midlands";"CHEMAHORORO CLINIC";""
"070226";"Gokwe North";"Midlands";"GAWA CLINIC";""
"070227";"Gokwe North";"Midlands";"GUMUNYU CLINIC";"COUNCIL CLINIC"
"070228";"Gokwe North";"Midlands";"JIRI/NDOZA CLINIC";""
"070229";"Gokwe North";"Midlands";"KAHOBO CLINIC";"COUNCIL CLINIC"
"070230";"Gokwe North";"Midlands";"KRIMA CLINIC";""
"070231";"Gokwe North";"Midlands";"KUWIRIRANA CLINIC";"RHC"
"070232";"Gokwe North";"Midlands";"MANGIDI CLINIC";""
"070233";"Gokwe North";"Midlands";"MANOTI CLINIC";""
"070234";"Gokwe North";"Midlands";"MASUKA CLINIC";""
"070235";"Gokwe North";"Midlands";"MSALA CLINIC";""
"070236";"Gokwe North";"Midlands";"MUSITA CLINIC";""
"070237";"Gokwe North";"Midlands";"NYAMHUNGA CLINIC";""
"070238";"Gokwe North";"Midlands";"SAI CLINIC";""
"070239";"Gokwe North";"Midlands";"TONGWE CLINIC";""
"070240";"Gokwe North";"Midlands";"ZHOMBA CLINIC";"COUNCIL CLINIC"
"070241";"Gokwe North";"Midlands";"MOKOKA CLINIC";""
"070291";"Gokwe North";"Midlands";"DENDA CLINIC";"MISSION HOSPITAL"
"070292";"Gokwe North";"Midlands";"GOREDEMA CLINIC";"MISSION HOSPITAL"
"070293";"Gokwe North";"Midlands";"MANYONI CLINIC";""
"070294";"Gokwe North";"Midlands";"MTANKE CLINIC";""
"070295";"Gokwe North";"Midlands";"NENYUNGA CLINIC";"MISSION HOSPITAL"
"070296";"Gokwe North";"Midlands";"SESSAMI CLINIC";""
"070297";"Gokwe North";"Midlands";"HUCHU CLINIC";""
"070298";"Gokwe North";"Midlands";"RUBATSIRO CLINIC";"COUNCIL CLINIC"
"070301";"Gweru";"Midlands";"GUNDE R.H.C.";""
"070302";"Gweru";"Midlands";"KABANGA R.H.C.";""
"070303";"Gweru";"Midlands";"MANGWANDI R.H.C.";""
"070304";"Gweru";"Midlands";"MASVORI RHC";""
"070305";"Gweru";"Midlands";"NKULULEKO R.H.C.";""
"070306";"Gweru";"Midlands";"NTABAMHLOPE R.H.C.";""
"07030A";"Gweru";"Midlands";"GWERU PROVINCIAL H.";""
"07030B";"Gweru";"Midlands";"BIRCHENOUGH HOSPITAL";""
"07030C";"Gweru";"Midlands";"CHIKWINGWIZHA HOSP.";""
"07030F";"Gweru";"Midlands";"THORNHILL HOSPITAL";""
"07030U";"Gweru";"Midlands";"GWERU URBAN";""
"070312";"Gweru";"Midlands";"ZIM.MILITARY ACADEMY";""
"070321";"Gweru";"Midlands";"VUNGU RDC CLINIC";""
"070325";"Gweru";"Midlands";"CHIWUNDURA CLINIC";""
"070326";"Gweru";"Midlands";"MABOLENI CLINIC";""
"070327";"Gweru";"Midlands";"MADIKANI CLINIC";""
"070328";"Gweru";"Midlands";"MAKEPESI CLINIC";""
"070347";"Gweru";"Midlands";"NYAMA";""
"070362";"Gweru";"Midlands";"MKOBA 1";""
"070363";"Gweru";"Midlands";"MKOBA POLYCLINIC";""
"070364";"Gweru";"Midlands";"MONOMUTAPA/MUTAPA CLINIC";""
"070367";"Gweru";"Midlands";"SENGA";""
"070368";"Gweru";"Midlands";"TOTONGA";""
"070382";"Gweru";"Midlands";"KARIBA CLINIC";""
"070383";"Gweru";"Midlands";"LALAPANZI CLINIC";""
"070384";"Gweru";"Midlands";"NETHERBURN";""
"070391";"Gweru";"Midlands";"LOWER GWERU CLINIC";""
"070401";"Kwekwe";"Midlands";"DENDERA R.H.C.";""
"070402";"Kwekwe";"Midlands";"DONZA R.H.C.";""
"070403";"Kwekwe";"Midlands";"MAZEBE R.H.C.";""
"070404";"Kwekwe";"Midlands";"MSILAHOBE R.H.C.";""
"070405";"Kwekwe";"Midlands";"NYONI R.H.C.";""
"070409";"Kwekwe";"Midlands";"MAYOKA";""
"07040A";"Kwekwe";"Midlands";"KWEKWE HOSPITAL";""
"07040B";"Kwekwe";"Midlands";"SILOBELA HOSPITAL";""
"07040C";"Kwekwe";"Midlands";"ZHOMBE HOSPITAL";""
"07040D";"Kwekwe";"Midlands";"TORWOOD HOSPITAL";""
"07040U";"Kwekwe";"Midlands";"KWEKWE URBAN";""
"070425";"Kwekwe";"Midlands";"DONJUAN CLINIC";""
"070426";"Kwekwe";"Midlands";"EXCHANGE CLINIC";""
"070427";"Kwekwe";"Midlands";"MALISA JOSHEPHA CLI.";""
"070428";"Kwekwe";"Midlands";"MALISA ZHOMBE CLINIC";""
"070429";"Kwekwe";"Midlands";"NTABENI CLINIC";""
"070430";"Kwekwe";"Midlands";"SAMAMBWA CLINIC";""
"070431";"Kwekwe";"Midlands";"SENKWASI CLINIC";""
"070432";"Kwekwe";"Midlands";"SIDAKENI CLINIC";""
"070433";"Kwekwe";"Midlands";"SILOBELA CLINIC";""
"070434";"Kwekwe";"Midlands";"SIMANA CLINIC";""
"070452";"Kwekwe";"Midlands";"RIO TINTO CLINIC";""
"070453";"Kwekwe";"Midlands";"MLEZU CLINIC";""
"070454";"Kwekwe";"Midlands";"TORWOOD CLINIC";""
"070459";"Kwekwe";"Midlands";"REDCLIFF";""
"070461";"Kwekwe";"Midlands";"AMAVENI";""
"070462";"Kwekwe";"Midlands";"MBIZO A";""
"070463";"Kwekwe";"Midlands";"MBIZO B";""
"070464";"Kwekwe";"Midlands";"RUTENDO";""
"070465";"Kwekwe";"Midlands";"SEBAKWE";""
"070466";"Kwekwe";"Midlands";"SHERWOOD";""
"070481";"Kwekwe";"Midlands";"GAIKA CLINIC";""
"070483";"Kwekwe";"Midlands";"MEDICAL CENTRE";""
"070485";"Kwekwe";"Midlands";"MUNYATI CLINIC";""
"070486";"Kwekwe";"Midlands";"AL DAVIES CLINIC";""
"070488";"Kwekwe";"Midlands";"GOMORA CLINIC";""
"070501";"Mberengwa";"Midlands";"GWARAWA R.H.C.";"RHC"
"070502";"Mberengwa";"Midlands";"MATAGA R.H.C.";"RHC"
"070503";"Mberengwa";"Midlands";"MAVOROVONDO R.H.C.";"RHC"
"070504";"Mberengwa";"Midlands";"MURONGWE R.H.C.";"RHC"
"070505";"Mberengwa";"Midlands";"MWANEZI R.H.C.";"RHC"
"070506";"Mberengwa";"Midlands";"VURASHA R.H.C.";"RHC"
"070507";"Mberengwa";"Midlands";"WANEZI RHC";"RHC"
"070508";"Mberengwa";"Midlands";"KOTOKWE RHC";"RHC"
"07050A";"Mberengwa";"Midlands";"MBERENGWA HOSPITAL";"DISTRICT HOSPITAL"
"07050B";"Mberengwa";"Midlands";"JEKA HOSPITAL";"RURAL HOSPITAL"
"07050C";"Mberengwa";"Midlands";"MASASE HOSPITAL";"RURAL HOSPITAL"
"07050D";"Mberengwa";"Midlands";"MNENE HOSPITAL";"MISSION HOSPITAL"
"07050E";"Mberengwa";"Midlands";"MUSUME HOSPITAL";"MISSION HOSPITAL"
"070525";"Mberengwa";"Midlands";"BONDA CLINIC";"CLINIC"
"070526";"Mberengwa";"Midlands";"CHABWIRA CLINIC";"CLINIC"
"070527";"Mberengwa";"Midlands";"CHIDEMBEKO CLINIC";"CLINIC"
"070528";"Mberengwa";"Midlands";"CHINGEZI CLINIC";"CLINIC"
"070529";"Mberengwa";"Midlands";"MAKUWERERE CLINIC";"CLINIC"
"070530";"Mberengwa";"Midlands";"MATEDZI CLINIC";"CLINIC"
"070531";"Mberengwa";"Midlands";"MAZIVOFA CLINIC";"CLINIC"
"070532";"Mberengwa";"Midlands";"MBAHURU CLINIC";"CLINIC"
"070533";"Mberengwa";"Midlands";"MKETI CLINIC";"CLINIC"
"070534";"Mberengwa";"Midlands";"NEGOVE CLINIC";"CLINIC"
"070535";"Mberengwa";"Midlands";"NGEZI CLINIC";"CLINIC"
"070536";"Mberengwa";"Midlands";"NGUNGUMBANE CLINIC";"CLINIC"
"070537";"Mberengwa";"Midlands";"SVITA CLINIC";"CLINIC"
"070538";"Mberengwa";"Midlands";"MPONJANI CLINIC";"CLINIC"
"070539";"Mberengwa";"Midlands";"MPOSI CLINIC";"CLINIC"
"070540";"Mberengwa";"Midlands";"CHIEDZA CLINIC";"CLINIC"
"070541";"Mberengwa";"Midlands";"VUTSANANA CLINIC";"CLINIC"
"070576";"Mberengwa";"Midlands";"BUCHWA MINE CLINIC";"CLINIC"
"070578";"Mberengwa";"Midlands";"SANDAWANA CLINIC";"CLINIC"
"070579";"Mberengwa";"Midlands";"BUCHWA CAMP CLINIC";"CLINIC"
"070601";"Shurugwi";"Midlands";"CHIKATO R.H.C.";"CLINIC"
"070602";"Shurugwi";"Midlands";"CHIRONDE R.H.C.";"CLINIC"
"070603";"Shurugwi";"Midlands";"CHITORA R.H.C.";"CLINIC"
"070604";"Shurugwi";"Midlands";"GWANZA R.H.C.";"CLINIC"
"070605";"Shurugwi";"Midlands";"MARISHONGWE R.H.C.";"CLINIC"
"070606";"Shurugwi";"Midlands";"RUSIKE R.H.C.";"CLINIC"
"070607";"Shurugwi";"Midlands";"TANA R.H.C.";"CLINIC"
"070608";"Shurugwi";"Midlands";"ZVAROTA R.H.C.";"CLINIC"
"070609";"Shurugwi";"Midlands";"SVIKA RHC";"RURAL HOSPITAL"
"07060A";"Shurugwi";"Midlands";"SHURUGWI HOSPITAL";"DISTRICT HOSPITAL"
"07060B";"Shurugwi";"Midlands";"ZVAMABANDE HOSPITAL";"RURAL HOSPITAL"
"07060C";"Shurugwi";"Midlands";"CHROME MINE HOSPITAL";"PRIVATE HOSPITAL"
"070625";"Shurugwi";"Midlands";"BANGA CLINIC";"CLINIC"
"070626";"Shurugwi";"Midlands";"GUNDURA CLINIC";"CLINIC"
"070627";"Shurugwi";"Midlands";"MAZIBISA CLINIC";"CLINIC"
"070628";"Shurugwi";"Midlands";"NHEMA CLINIC";"CLINIC"
"070629";"Shurugwi";"Midlands";"TONGOGARA CLINIC";"CLINIC"
"070645";"Shurugwi";"Midlands";"JOBOLINKO CLINIC";"CLINIC"
"070646";"Shurugwi";"Midlands";"MAKUSHA CLINIC";"CLINIC"
"070648";"Shurugwi";"Midlands";"TOKWE CLINIC";"CLINIC"
"070691";"Shurugwi";"Midlands";"HANKE CLINIC";"CLINIC"
"070692";"Shurugwi";"Midlands";"PAKAME CLINIC";"CLINIC"
"070698";"Shurugwi";"Midlands";"DORSET RURAL HOSPITAL";"RURAL HOSPITAL"
"070701";"Zvishavane";"Midlands";"MAKETO R.H.C.";"GVT"
"070702";"Zvishavane";"Midlands";"MANDAVA R.H.C.";"GVT"
"070704";"Zvishavane";"Midlands";"MATENDA R.H.C.";"GVT"
"070705";"Zvishavane";"Midlands";"VUKUZENZELE R.H.C.";"GVT"
"07070A";"Zvishavane";"Midlands";"ZVISHAVANE HOSPITAL";"DISTRICT"
"07070B";"Zvishavane";"Midlands";"LUNDI HOSPITAL";"GVT"
"07070C";"Zvishavane";"Midlands";"SHABANE MINE HOSP.";"PRIVATE"
"070725";"Zvishavane";"Midlands";"GUDO CLINIC";"COUNCIL"
"070726";"Zvishavane";"Midlands";"MABASA CLINIC";"COUNCIL"
"070727";"Zvishavane";"Midlands";"MAPANZURE CLINIC";"COUNCIL"
"070728";"Zvishavane";"Midlands";"MROWA CLINIC";"COUNCIL"
"070729";"Zvishavane";"Midlands";"MTAMBI CLINIC";"COUNCIL"
"070781";"Zvishavane";"Midlands";"BANNOCKBURN CLINIC";"NRZ"
"070783";"Zvishavane";"Midlands";"KANDODO CLINIC";"MINE"
"070787";"Zvishavane";"Midlands";"MHONDONGORI";"COUNCIL"
"07080A";"Gokwe South";"Midlands";"GOKWE DISTRICT HOSP";"REFERRAL DISTRICT HOSPITAL"
"08";"Chiredzi";"Masvingo";"PRISON CLINIC";"GVT CLINIC"
"080101";"Bikita";"Masvingo";"CHIRORWE R.H.C.";"GVT"
"080102";"Bikita";"Masvingo";"DEWURE I R.H.C.";"GVT"
"080103";"Bikita";"Masvingo";"DEWURE II R.H.C.";"GVT"
"080104";"Bikita";"Masvingo";"MUKANGA R.H.C.";"GVT"
"080105";"Bikita";"Masvingo";"MUKORE R.H.C.";"GVT"
"080106";"Bikita";"Masvingo";"NYIKA R.H.C.";"GVT"
"080107";"Bikita";"Masvingo";"NGORIMA R.H.C.";"RDC"
"08010A";"Bikita";"Masvingo";"BIKITA RURAL HOSP.";"GVT"
"08010B";"Bikita";"Masvingo";"CHIKUKU RURAL HOSP.";"GVT"
"08010C";"Bikita";"Masvingo";"MASHOKO HOSPITAL";"MISSION"
"08010D";"Bikita";"Masvingo";"SILVEIRA HOSPITAL";"MISSION"
"080125";"Bikita";"Masvingo";"CHITASA CLINIC";"RDC"
"080126";"Bikita";"Masvingo";"HOZVI CLINIC";"RDC"
"080127";"Bikita";"Masvingo";"MANDARA/PFUPAJENA RHC";"RDC"
"080128";"Bikita";"Masvingo";"MAROZVA CLINIC";"RDC"
"080129";"Bikita";"Masvingo";"ODZI CLINIC";"RDC"
"080130";"Bikita";"Masvingo";"NEGOVANI CLINIC";"RDC"
"080131";"Bikita";"Masvingo";"MURWIRA CLINIC";"RDC"
"080132";"Bikita";"Masvingo";"MUNGEZI RHC";"GVT"
"080133";"Bikita";"Masvingo";"MUTIKIZIZI RHC";"RDC"
"080134";"Bikita";"Masvingo";"GANGARE RHC";"RDC"
"080135";"Bikita";"Masvingo";"GAVA RHC";"RDC"
"080176";"Bikita";"Masvingo";"BIKITA MINERALS CL.";"MINE"
"080201";"Chiredzi";"Masvingo";"CHAMBUTA CLINIC";"RHC GVT"
"080202";"Chiredzi";"Masvingo";"CHILONGA R.H.C.";"RHC GVT"
"080204";"Chiredzi";"Masvingo";"CHIZVIRIZVI R.H.C.";"RHC GVT"
"080205";"Chiredzi";"Masvingo";"DHAVATA RHC";"RHC GVT"
"080206";"Chiredzi";"Masvingo";"GEZANI R.H.C.";"RHC GVT"
"080207";"Chiredzi";"Masvingo";"MALIPATI R.H.C.";"RHC GVT"
"080208";"Chiredzi";"Masvingo";"MHLANGULENI R.H.C.";"RHC GVT"
"080209";"Chiredzi";"Masvingo";"MUTEYO R.H.C.";"RHC GVT"
"08020A";"Chiredzi";"Masvingo";"CHIREDZI HOSPITAL";"GVT DISTRICT HOSPITAL"
"08020B";"Chiredzi";"Masvingo";"CHIKOMBEDZI HOSP.";"MISSION HOSPITAL"
"08020C";"Chiredzi";"Masvingo";"HIPPO VALLEY HOSP.";"PRIVATE HOSPITAL"
"08020D";"Chiredzi";"Masvingo";"TRIANGLE HOSPITAL";"PRIVATE HOSPITAL"
"080210";"Chiredzi";"Masvingo";"NYAGAMBE RHC";"RHC GVT"
"080211";"Chiredzi";"Masvingo";"FAVERSHAM CLINIC";"RHC GVT"
"080212";"Chiredzi";"Masvingo";"OLD BOLI R.H.C.";"RHC GVT"
"080213";"Chiredzi";"Masvingo";"SAMU R.H.C.";"RHC GVT"
"080214";"Chiredzi";"Masvingo";"PAHLELA CLINIC";"COUNCIL RHC"
"080225";"Chiredzi";"Masvingo";"CHIBWEDZIVA CLINIC";"COUNCIL RHC"
"080226";"Chiredzi";"Masvingo";"CHIPIWA CLINIC";"COUNCIL RHC"
"080227";"Chiredzi";"Masvingo";"ST.JOSEPH CLINIC";"COUNCIL RHC"
"080228";"Chiredzi";"Masvingo";"DUMISA CLINIC";"COUNCIL RHC"
"080229";"Chiredzi";"Masvingo";"POREPORE CLINIC";"COUNCIL RHC"
"080230";"Chiredzi";"Masvingo";"RUPANGWANA CLINIC";"COUNCIL RHC"
"080231";"Chiredzi";"Masvingo";"RUTANDARE CLINIC";"COUNCIL RHC"
"080232";"Chiredzi";"Masvingo";"CHITSA II CLINIC";"COUNCIL RHC"
"080233";"Chiredzi";"Masvingo";"TSOVANI CLINIC";"COUNCIL RHC"
"080234";"Chiredzi";"Masvingo";"MAKAMBE CLINIC";"MISSION RHC"
"080235";"Chiredzi";"Masvingo";"CHOMPANI RHC";"COUNCIL RHC"
"080282";"Chiredzi";"Masvingo";"MKWASINE CLINIC";"PRIVATE CLINIC"
"080291";"Chiredzi";"Masvingo";"DAMARAKANAKA CLINIC";"MISSION RHC"
"080292";"Chiredzi";"Masvingo";"CHINGELE CLINIC";"MISSION RHC"
"080302";"Chivi";"Masvingo";"CHIGWIKWI R.H.C.";"GVT"
"080303";"Chivi";"Masvingo";"MANDAMABWE R.H.C.";"GVT"
"080304";"Chivi";"Masvingo";"NGUNDU R.H.C.";"GVT"
"080305";"Chivi";"Masvingo";"RAZI R.H.C.";"GVT"
"080307";"Chivi";"Masvingo";"TAKAVARASHA R.H.C.";"GVT"
"080308";"Chivi";"Masvingo";"NYAHOMBE R.H.C.";"GVT"
"08030A";"Chivi";"Masvingo";"CHIVI DISTRICT HOSPITAL";"GVT"
"08030B";"Chivi";"Masvingo";"CHIVI RURAL HOSP.";"GVT"
"08030C";"Chivi";"Masvingo";"BEREJENA MISSION HOSPITAL";"MISSION"
"080325";"Chivi";"Masvingo";"CHIFEDZA CLINIC";"RDC"
"080326";"Chivi";"Masvingo";"DAVIRA CLINIC";"RDC"
"080327";"Chivi";"Masvingo";"MADAMOMBE CLINIC";"RDC"
"080328";"Chivi";"Masvingo";"SHINDI SATELLITE CL";"RDC"
"080401";"Gutu";"Masvingo";"MUSHAVIRI R.H.C.";""
"080402";"Gutu";"Masvingo";"MAJADA R.H.C.";"GVT"
"080403";"Gutu";"Masvingo";"MATIZHA R.H.C.";"GVT"
"080404";"Gutu";"Masvingo";"MUTEMA R.H.C.";"GVT"
"080405";"Gutu";"Masvingo";"NEMASHAKWE R.H.C.";"GVT"
"080406";"Gutu";"Masvingo";"SOTI SOURCE R.H.C.";"GVT"
"080408";"Gutu";"Masvingo";"CHITANDO R.H.C.";"GVT"
"080409";"Gutu";"Masvingo";"ZVAVAHERA R.H.C.";"GVT"
"08040A";"Gutu";"Masvingo";"GUTU RURAL HOSPITAL";"GVT"
"08040B";"Gutu";"Masvingo";"CHIMOMBE RURAL HOSP";"GVT"
"08040D";"Gutu";"Masvingo";"CHINYIKA HOSPITAL";"GVT"
"08040E";"Gutu";"Masvingo";"GUTU MISSION HOSP.";"MISSION"
"080425";"Gutu";"Masvingo";"CHESHURO CLINIC";"RDC"
"080426";"Gutu";"Masvingo";"DENHERE CLINIC";"RDC"
"080427";"Gutu";"Masvingo";"DEWURE CLINIC";"RDC"
"080428";"Gutu";"Masvingo";"MAGOMBEDZE CLINIC";"RDC"
"080429";"Gutu";"Masvingo";"MAZURU CLINIC";"RDC"
"080430";"Gutu";"Masvingo";"MUNYIKWA CLINIC";"RDC"
"080431";"Gutu";"Masvingo";"NYAZVIDZI CLINIC";"RDC"
"080432";"Gutu";"Masvingo";"ZINHATA CLINIC";"RDC"
"080433";"Gutu";"Masvingo";"TIRIZI RURAL HOSPITAL";"RDC"
"080434";"Gutu";"Masvingo";"CHIWORE R.H.C.";"RDC"
"080435";"Gutu";"Masvingo";"MAGOMBEDZE CHITSA CLINIC";"RDC"
"080436";"Gutu";"Masvingo";"CHIPIRI";"RDC"
"080437";"Gutu";"Masvingo";"DAMBARO";"RDC"
"080438";"Gutu";"Masvingo";"MATOMUSE";"RDC"
"080491";"Gutu";"Masvingo";"SERIMA CLINIC";"MISSION"
"080492";"Gutu";"Masvingo";"MUTERO MISSION HOSPITAL";"MISSION"
"080493";"Gutu";"Masvingo";"MUKARO MISSION CL.";"MISSION"
"080501";"Masvingo";"Masvingo";"ALVORD R.H.C.";"TRAINING CENTRE CLINIC"
"080502";"Masvingo";"Masvingo";"MUKOSI R.H.C.";"GOVERNMENT CLINIC"
"080503";"Masvingo";"Masvingo";"MUSHANDIKE R.H.C.";"GOVERNMENT CLINIC"
"080504";"Masvingo";"Masvingo";"MUSVOVI R.H.C.";"GOVERNMENT CLINIC"
"080505";"Masvingo";"Masvingo";"MUTIMUREFU R.H.C.";"PRISON CLINIC"
"080506";"Masvingo";"Masvingo";"NEMAMWA R.H.C.";"GOVERNMENT CLINIC"
"080507";"Masvingo";"Masvingo";"NYIKAVANHU R.H.C.";"GOVERNMENT CLINIC"
"08050A";"Masvingo";"Masvingo";"MASVINGO PROVINCIAL";"PROVINCIAL HOSPITAL"
"08050B";"Masvingo";"Masvingo";"NGOMAHURA PSY.HOSP.";"GVT PSYCH HOSPITAL"
"08050C";"Masvingo";"Masvingo";"JENA (NYAJENA) RURAL HOSPITAL";"GVT RURAL HOSPITAL"
"08050D";"Masvingo";"Masvingo";"MORGENSTER MISSION";"DESIGNATED DISTRICT HOSPITAL"
"08050E";"Masvingo";"Masvingo";"GOKOMERE MISSION CL";"MISSION CLINIC"
"08050F";"Masvingo";"Masvingo";"GATHS MINE HOSPITAL";"MINE HOSPITAL"
"080511";"Masvingo";"Masvingo";"MASVINGO TECH COLLEGE CLINIC";"COLLEGE CLINIC"
"080512";"Masvingo";"Masvingo";"SUMMERTON RHC";"GOVERNMENT CLINIC"
"080513";"Masvingo";"Masvingo";"WENDEDZO";"GOVERNMENT CLINIC"
"080525";"Masvingo";"Masvingo";"CHARUMBIRA CLINIC";"RDC CLINIC"
"080526";"Masvingo";"Masvingo";"CHATIKOBO CLINIC";"RDC CLINIC"
"080527";"Masvingo";"Masvingo";"GUNDURA CLINIC";"RDC CLINIC"
"080528";"Masvingo";"Masvingo";"MAPANZURE CLINIC";"RDC CLINIC"
"080530";"Masvingo";"Masvingo";"BERE CLINIC";"RDC CLINIC"
"080531";"Masvingo";"Masvingo";"MURINYE CLINIC";"RDC CLINIC"
"080532";"Masvingo";"Masvingo";"RUKOVO CLINIC";"RDC CLINIC"
"080533";"Masvingo";"Masvingo";"SHUMBA CLINIC";"RDC CLINIC"
"080534";"Masvingo";"Masvingo";"ZIMUTO B.C. CLINIC";"RDC CLINIC"
"080535";"Masvingo";"Masvingo";"MUCHEKE CLINIC";"MUNICIPALITY"
"080536";"Masvingo";"Masvingo";"ZANO CLINIC";"RDC CLINIC"
"080540";"Masvingo";"Masvingo";"GUWA RHC";"RDC CLINIC"
"080541";"Masvingo";"Masvingo";"GURAJENA RHC";"GOVERNMENT CLINIC"
"080543";"Masvingo";"Masvingo";"ZVAMAHANDE";"RDC CLINIC"
"080544";"Masvingo";"Masvingo";"NGOMAHURU RHC";"GOVERNMENT CLINIC"
"080576";"Masvingo";"Masvingo";"RENCO MINE CLINIC";"MINE CLINIC"
"080581";"Masvingo";"Masvingo";"MAZORODZE CLINIC";"MUNICIPALITY"
"080582";"Masvingo";"Masvingo";"RUJEKO CLINIC";"MUNICIPALITY"
"080583";"Masvingo";"Masvingo";"RUNYARARO CLINIC";"MUNICIPALITY"
"080591";"Masvingo";"Masvingo";"BONDOLFI CLINIC";"MISSION CLINIC"
"080592";"Masvingo";"Masvingo";"SHONGANISO CLINIC";"MISSION CLINIC"
"080593";"Masvingo";"Masvingo";"ZIMUTO MISSION CL.";"MISSION CLINIC"
"080601";"Mwenezi";"Masvingo";"CHIMBUDZI R.H.C.";"GVT"
"080602";"Mwenezi";"Masvingo";"CHIRINDI R.H.C.";"GVT"
"080603";"Mwenezi";"Masvingo";"CHIZUMBA R.H.C.";"GVT"
"080604";"Mwenezi";"Masvingo";"MARANDA SUB R.H.C.";"GVT"
"080605";"Mwenezi";"Masvingo";"NEHANDA R.H.C.";"GVT"
"080606";"Mwenezi";"Masvingo";"RUTENGA RHC";"GVT"
"08060A";"Mwenezi";"Masvingo";"MWENEZI (NESHURO) DISTRICT HO";"GVT"
"08060B";"Mwenezi";"Masvingo";"MATIBI MISSION HOSP";"MISSION"
"080625";"Mwenezi";"Masvingo";"MAZETESE CLINIC";"RDC"
"080627";"Mwenezi";"Masvingo";"MUSHAVA CLINIC";"RDC"
"080628";"Mwenezi";"Masvingo";"MWENEZI CLINIC";"RDC"
"080629";"Mwenezi";"Masvingo";"MANYUCHI CLINIC";"RDC"
"080630";"Mwenezi";"Masvingo";"MLELEZI CLINIC";"RDC"
"080631";"Mwenezi";"Masvingo";"BOTERERE CLINIC";"RDC"
"080632";"Mwenezi";"Masvingo";"MARINDA";"RDC"
"080681";"Mwenezi";"Masvingo";"RUTENGA NRZ";"PRIVATE"
"080682";"Mwenezi";"Masvingo";"MWENEZANA CLINIC";"RDC"
"080683";"Mwenezi";"Masvingo";"G AND N PRIVATE HOSPITAL";"PRIVATE"
"080691";"Mwenezi";"Masvingo";"MARANDA CLINIC";"RDC"
"080692";"Mwenezi";"Masvingo";"LUNDI CLINIC";"RDC"
"080701";"Zaka";"Masvingo";"CHIPINDA R.H.C.";"GOVERNMENT CLINIC"
"080702";"Zaka";"Masvingo";"HARAVA R.H.C.";"GOVERNMENT CLINIC"
"080703";"Zaka";"Masvingo";"NEMAUKU R.H.C.";"GOVERNMENT CLINIC"
"080704";"Zaka";"Masvingo";"SVUURE R.H.C.";"GOVERNMENT CLINIC"
"080705";"Zaka";"Masvingo";"ZIBWOWA R.H.C.";"GOVERNMENT CLINIC"
"08070A";"Zaka";"Masvingo";"NDANGA HOSPITAL";"DISTRICT HOSPITAL"
"08070C";"Zaka";"Masvingo";"MUSISO HOSPITAL";"MISSION"
"080725";"Zaka";"Masvingo";"BOTA CLINIC";"RDC"
"080726";"Zaka";"Masvingo";"BVUKURURU CLINIC";"RDC"
"080727";"Zaka";"Masvingo";"CHINYABAKO CLINIC";"RDC"
"080729";"Zaka";"Masvingo";"CHIREDZANA CLINIC";"RDC"
"080730";"Zaka";"Masvingo";"FUBE CLINIC";"RDC"
"080732";"Zaka";"Masvingo";"JICHIDZA COUNCIL CLINIC";"RDC"
"080733";"Zaka";"Masvingo";"MUSHAYA CLINIC";"RDC"
"080734";"Zaka";"Masvingo";"NDANGA CLINIC";"RDC"
"080735";"Zaka";"Masvingo";"NHEMA CLINIC";"RDC"
"080736";"Zaka";"Masvingo";"NYAKUNHUWA CLINIC";"RDC"
"080737";"Zaka";"Masvingo";"SIYAWAREVA CLINIC";"RDC"
"080738";"Zaka";"Masvingo";"VEZA CLINIC";"RDC"
"080739";"Zaka";"Masvingo";"JERERA SATELITE CLINIC";"RDC"
"080740";"Zaka";"Masvingo";"MAGEZA";"RDC"
"080741";"Zaka";"Masvingo";"MANDHLORO";"RDC"
"080791";"Zaka";"Masvingo";"JICHIDZA MISSION CLINIC";"MISSION"
"090A01";"Bulawayo (Urban)";"Bulawayo";"EMAKHANDENI DAY CL.";"Polyclinic"
"090A02";"Bulawayo (Urban)";"Bulawayo";"TSHABALALA CLINIC";"Polyclinic"
"090A03";"Bulawayo (Urban)";"Bulawayo";"E.F.WATSON CLINIC";"Polyclinic"
"090A04";"Bulawayo (Urban)";"Bulawayo";"ENTUMBANE CLINIC";"Polyclinic"
"090A06";"Bulawayo (Urban)";"Bulawayo";"LUVEVE CLINIC";"Polyclinic"
"090A07";"Bulawayo (Urban)";"Bulawayo";"MAGWEGWE CLINIC";"Polyclinic"
"090A08";"Bulawayo (Urban)";"Bulawayo";"MZILIKAZI CLINIC";"Polyclinic"
"090A09";"Bulawayo (Urban)";"Bulawayo";"NJUBE CLINIC";"Polyclinic"
"090A0A";"Bulawayo (Urban)";"Bulawayo";"LADY RODWELL";"Polyclinic"
"090A0G";"Bulawayo (Urban)";"Bulawayo";"MATER DEI";"Hospital"
"090A0H";"Bulawayo (Urban)";"Bulawayo";"RICHARD MORRIS";"EYE CLINIC"
"090A10";"Bulawayo (Urban)";"Bulawayo";"NKULUMANE CLINIC";"Polyclinic"
"090A11";"Bulawayo (Urban)";"Bulawayo";"PELANDABA CLINIC";"Polyclinic"
"090A12";"Bulawayo (Urban)";"Bulawayo";"PRINCESS MARGARETH";"Polyclinic"
"090A13";"Bulawayo (Urban)";"Bulawayo";"PUMULA CLINIC";"Polyclinic"
"090A14";"Bulawayo (Urban)";"Bulawayo";"DR.SHENAN CLINIC";"Polyclinic"
"090A17";"Bulawayo (Urban)";"Bulawayo";"NKETA CLINIC";"Polyclinic"
"090A18";"Bulawayo (Urban)";"Bulawayo";"NORTHERN SURBAN CLINIC";"Polyclinic"
"090A19";"Bulawayo (Urban)";"Bulawayo";"KINGS MATERNITY";"MARTENITY"
"090A20";"Bulawayo (Urban)";"Bulawayo";"JUBILEE CLINIC";""
"090A21";"Bulawayo (Urban)";"Bulawayo";"MATERNAL HEALTH CLINIC";"MCH"
"090A22";"Bulawayo (Urban)";"Bulawayo";"GALEN HOUSE CLINIC";"DOCTORS ROOMS"
"090A23";"Bulawayo (Urban)";"Bulawayo";"MARONDERA POLYCLINIC";"DOCTORS ROOMS"
"090A24";"Bulawayo (Urban)";"Bulawayo";"FAMILY MEDICAL CLINIC";""
"090A25";"Bulawayo (Urban)";"Bulawayo";"ELONS CLINIC";""
"090A27";"Bulawayo (Urban)";"Bulawayo";"COWDRAY PARK CLINIC";"Polyclinic"
"090A29";"Bulawayo (Urban)";"Bulawayo";"PATIENT WISE CLINIC";""
"090A32";"Bulawayo (Urban)";"Bulawayo";"MAIN STREET";""
"090A33";"Bulawayo (Urban)";"Bulawayo";"MAQHAWE CLINIC";"Polyclinic"
"090A35";"Bulawayo (Urban)";"Bulawayo";"PUMULA SOUTH CLINIC";"Polyclinic"
"090C0C";"Bulawayo (Urban)";"Bulawayo";"U.B.H";"CENTRAL HOSPITAL"
"090D0D";"Bulawayo (Urban)";"Bulawayo";"MPILO HOSPITAL";"CENTRAL HOSPITAL"
"300301";"UMP";"Mash East";"KAFURA R.H.C.";"RHC"
"300302";"UMP";"Mash East";"KARIMBIKA R.H.C.";"RHC"
